frame,time,phase,sole,ground,error
0,0.8170202,Untying,1.433299,1.45,0.01670063
1,0.8503535,Untying,1.43308,1.45,0.01691961
2,0.8836868,Untying,1.433082,1.45,0.01691782
3,0.9170201,Untying,1.433084,1.45,0.01691639
4,0.9503535,Untying,1.433085,1.45,0.01691484
5,0.9836868,Untying,1.433087,1.45,0.01691329
6,1.01702,Untying,1.433088,1.45,0.01691175
7,1.050354,Untying,1.433089,1.45,0.01691055
8,1.083687,Untying,1.433091,1.45,0.01690924
9,1.11702,Untying,1.433092,1.45,0.01690781
10,1.150354,Untying,1.433094,1.45,0.0169065
11,1.183687,Untying,1.433095,1.45,0.01690555
12,1.21702,Untying,1.433095,1.45,0.01690459
13,1.250353,Untying,1.433096,1.45,0.01690412
14,1.283687,Untying,1.433096,1.45,0.01690388
15,1.31702,Untying,1.433096,1.45,0.01690412
16,1.350353,Untying,1.433095,1.45,0.01690471
17,1.383687,Untying,1.433095,1.45,0.01690543
18,1.41702,Untying,1.433094,1.45,0.01690626
19,1.450354,Untying,1.433093,1.45,0.0169071
20,1.483687,Untying,1.433092,1.45,0.01690829
21,1.51702,Untying,1.43309,1.45,0.01690984
22,1.550354,Untying,1.433089,1.45,0.01691103
23,1.583687,Untying,1.433088,1.45,0.01691222
24,1.61702,Untying,1.433087,1.45,0.01691353
25,1.650354,Untying,1.433085,1.45,0.01691508
26,1.683687,Untying,1.433083,1.45,0.01691663
27,1.71702,Untying,1.433082,1.45,0.01691759
28,1.750353,Untying,1.433081,1.45,0.01691878
29,1.783687,Untying,1.43308,1.45,0.01691973
30,1.81702,Untying,1.433079,1.45,0.01692092
31,1.850353,Untying,1.433078,1.45,0.01692212
32,1.883687,Untying,1.433077,1.45,0.01692283
33,1.91702,Untying,1.433076,1.45,0.0169239
34,1.950354,Untying,1.433075,1.45,0.01692486
35,1.983687,Untying,1.433074,1.45,0.01692569
36,2.01702,Untying,1.433073,1.45,0.01692665
37,2.050354,Untying,1.433073,1.45,0.01692736
38,2.083687,Untying,1.433072,1.45,0.0169282
39,2.11702,Untying,1.433071,1.45,0.01692903
40,2.150353,Untying,1.43307,1.45,0.01692998
41,2.183687,Untying,1.433069,1.45,0.01693058
42,2.21702,Untying,1.433069,1.45,0.0169313
43,2.250354,Untying,1.433068,1.45,0.01693201
44,2.283687,Untying,1.433068,1.45,0.01693225
45,2.31702,Untying,1.433068,1.45,0.01693249
46,2.350353,Untying,1.433068,1.45,0.01693249
47,2.383687,Untying,1.433068,1.45,0.01693225
48,2.41702,Untying,1.433068,1.45,0.01693177
49,2.450353,Untying,1.433069,1.45,0.01693058
50,2.483687,Untying,1.433071,1.45,0.01692939
51,2.51702,Untying,1.433072,1.45,0.01692843
52,2.550354,Untying,1.433073,1.45,0.01692724
53,2.583687,Untying,1.433074,1.45,0.01692593
54,2.61702,Untying,1.433075,1.45,0.01692462
55,2.650353,Untying,1.433077,1.45,0.01692319
56,2.683687,Untying,1.433078,1.45,0.01692188
57,2.71702,Untying,1.43308,1.45,0.01692021
58,2.750354,Untying,1.433081,1.45,0.01691866
59,2.783687,Untying,1.433083,1.45,0.01691735
60,2.81702,Untying,1.433084,1.45,0.01691556
61,2.850353,Untying,1.433086,1.45,0.01691401
62,2.883687,Untying,1.433087,1.45,0.01691258
63,2.91702,Untying,1.433089,1.45,0.01691103
64,2.950353,Untying,1.433091,1.45,0.01690948
65,2.983687,Untying,1.433092,1.45,0.01690829
66,3.01702,Untying,1.433093,1.45,0.01690686
67,3.050354,Untying,1.433094,1.45,0.01690567
68,3.083687,Untying,1.433095,1.45,0.01690459
69,3.11702,Untying,1.433097,1.45,0.0169034
70,3.150353,Untying,1.433098,1.45,0.01690245
71,3.183687,Untying,1.433098,1.45,0.01690173
72,3.21702,Untying,1.433099,1.45,0.01690102
73,3.250354,Untying,1.4331,1.45,0.01690018
74,3.283687,Untying,1.4331,1.45,0.0168997
75,3.31702,Untying,1.433101,1.45,0.01689923
76,3.350353,Untying,1.433101,1.45,0.01689911
77,3.383687,Untying,1.433101,1.45,0.01689899
78,3.41702,Untying,1.433101,1.45,0.01689935
79,3.450353,Untying,1.4331,1.45,0.01689994
80,3.483687,Untying,1.433099,1.45,0.0169009
81,3.51702,Untying,1.433098,1.45,0.01690209
82,3.550354,Untying,1.433096,1.45,0.01690376
83,3.583687,Untying,1.433095,1.45,0.01690507
84,3.61702,Untying,1.433093,1.45,0.01690686
85,3.650353,Untying,1.433092,1.45,0.01690853
86,3.683687,Untying,1.43309,1.45,0.01691031
87,3.71702,Untying,1.433088,1.45,0.01691234
88,3.750354,Untying,1.433086,1.45,0.01691389
89,3.783687,Untying,1.433084,1.45,0.01691604
90,3.81702,Untying,1.433082,1.45,0.01691794
91,3.850353,Untying,1.43308,1.45,0.01691997
92,3.883687,Untying,1.433078,1.45,0.01692188
93,3.91702,Untying,1.433077,1.45,0.01692355
94,3.950353,Untying,1.433074,1.45,0.01692557
95,3.983687,Untying,1.433073,1.45,0.01692736
96,4.01702,Untying,1.433071,1.45,0.01692891
97,4.050354,Untying,1.43307,1.45,0.01693034
98,4.083687,Untying,1.433068,1.45,0.01693177
99,4.11702,Untying,1.433067,1.45,0.01693308
100,4.150353,Untying,1.433066,1.45,0.01693428
101,4.183687,Untying,1.433065,1.45,0.01693523
102,4.21702,Untying,1.433064,1.45,0.01693583
103,4.250353,Untying,1.433064,1.45,0.01693642
104,4.283687,Untying,1.433061,1.45,0.01693869
105,4.31702,Untying,1.433061,1.45,0.01693952
106,4.350354,Untying,1.43306,1.45,0.01694012
107,4.383687,Untying,1.433059,1.45,0.01694059
108,4.41702,Untying,1.433059,1.45,0.01694071
109,4.450354,Untying,1.433059,1.45,0.01694083
110,4.483687,Untying,1.433059,1.45,0.01694083
111,4.51702,Untying,1.43306,1.45,0.01694047
112,4.550354,Untying,1.43306,1.45,0.01694012
113,4.583687,Untying,1.43306,1.45,0.01693964
114,4.61702,Untying,1.433061,1.45,0.01693892
115,4.650353,Untying,1.433062,1.45,0.01693797
116,4.683687,Untying,1.433063,1.45,0.01693714
117,4.71702,Untying,1.433064,1.45,0.01693618
118,4.750353,Untying,1.433065,1.45,0.01693523
119,4.783687,Untying,1.433066,1.45,0.01693416
120,4.81702,Untying,1.433067,1.45,0.01693308
121,4.850354,Untying,1.433068,1.45,0.01693177
122,4.883687,Untying,1.43307,1.45,0.01693034
123,4.91702,Untying,1.433071,1.45,0.01692879
124,4.950354,Untying,1.433073,1.45,0.01692736
125,4.983687,Untying,1.433074,1.45,0.01692581
126,5.01702,Untying,1.433076,1.45,0.01692426
127,5.050354,Untying,1.433077,1.45,0.01692271
128,5.083687,Untying,1.433079,1.45,0.01692104
129,5.11702,Untying,1.433081,1.45,0.01691949
130,5.150353,Untying,1.433082,1.45,0.01691782
131,5.183687,Untying,1.433084,1.45,0.01691639
132,5.21702,Untying,1.433085,1.45,0.01691484
133,5.250353,Untying,1.433087,1.45,0.01691329
134,5.283687,Untying,1.433088,1.45,0.01691175
135,5.31702,Untying,1.433089,1.45,0.01691055
136,5.350354,Untying,1.433091,1.45,0.01690924
137,5.383687,Untying,1.433092,1.45,0.01690781
138,5.41702,Untying,1.433094,1.45,0.0169065
139,5.450354,Untying,1.433095,1.45,0.01690555
140,5.483687,Rising,1.431977,1.45,0.01802278
141,5.51702,Rising,1.431119,1.45,0.01888132
142,5.550354,Rising,1.431591,1.45,0.01840925
143,5.583687,Rising,1.435835,1.45,0.01416552
144,5.61702,Rising,1.445046,1.45,0.004954457
145,5.650353,Rising,1.449759,1.45,0.0002412796
146,5.683687,Rising,1.449723,1.45,0.0002772808
147,5.71702,Rising,1.44969,1.45,0.000310421
148,5.750353,Rising,1.44966,1.45,0.0003398657
149,5.783687,Rising,1.449634,1.45,0.0003657341
150,5.81702,Rising,1.449614,1.45,0.0003862381
151,5.850354,Rising,1.449606,1.45,0.0003938675
152,5.883687,Rising,1.449614,1.45,0.0003858805
153,5.91702,Rising,1.449631,1.45,0.0003694296
154,5.950354,Rising,1.449651,1.45,0.0003489256
155,5.983687,Rising,1.44967,1.45,0.0003297329
156,6.01702,Rising,1.449682,1.45,0.0003182888
157,6.050354,Rising,1.449683,1.45,0.0003166199
158,6.083687,Rising,1.449684,1.45,0.0003163815
159,6.11702,Rising,1.44968,1.45,0.0003199577
160,6.150353,Rising,1.449662,1.45,0.0003380775
161,6.183687,Rising,1.449646,1.45,0.000353694
162,6.21702,Rising,1.449638,1.45,0.0003620386
163,6.250353,Rising,1.449639,1.45,0.0003609657
164,6.283687,Rising,1.449637,1.45,0.0003633499
165,6.31702,Rising,1.449631,1.45,0.0003689528
166,6.350354,Rising,1.449596,1.45,0.0004037619
167,6.383687,Rising,1.449521,1.45,0.0004788637
168,6.41702,Rising,1.449435,1.45,0.0005646944
169,6.450354,Rising,1.44934,1.45,0.000659585
170,6.483687,Rising,1.449284,1.45,0.000715971
171,6.51702,Rising,1.449211,1.45,0.0007895231
172,6.550354,Rising,1.449082,1.45,0.0009177923
173,6.583687,Rising,1.448977,1.45,0.001023412
174,6.61702,Rising,1.448927,1.45,0.001072884
175,6.650353,Rising,1.448961,1.45,0.001039267
176,6.683687,Rising,1.449041,1.45,0.0009590387
177,6.71702,Rising,1.449121,1.45,0.0008795261
178,6.750353,Rising,1.44916,1.45,0.000839591
179,6.783687,Rising,1.449181,1.45,0.000819087
180,6.81702,Rising,1.44924,1.45,0.0007604361
181,6.850354,Rising,1.449297,1.45,0.0007029772
182,6.883687,Rising,1.449344,1.45,0.0006564856
183,6.91702,Rising,1.449383,1.45,0.0006166697
184,6.950354,Rising,1.449381,1.45,0.0006192923
185,6.983687,Rising,1.449358,1.45,0.0006415844
186,7.01702,Rising,1.449318,1.45,0.0006819963
187,7.050354,Rising,1.449263,1.45,0.0007369518
188,7.083687,Rising,1.44919,1.45,0.0008099079
189,7.11702,Rising,1.449095,1.45,0.0009051561
190,7.150353,Rising,1.448979,1.45,0.00102067
191,7.183687,Rising,1.44886,1.45,0.001139879
192,7.21702,Rising,1.448748,1.45,0.001252174
193,7.250353,Rising,1.448648,1.45,0.001351833
194,7.283687,Rising,1.448585,1.45,0.001415014
195,7.31702,Rising,1.448529,1.45,0.001470566
196,7.350354,Rising,1.448453,1.45,0.001546979
197,7.383687,Rising,1.448389,1.45,0.001610637
198,7.41702,Rising,1.448351,1.45,0.001648664
199,7.450354,Rising,1.448337,1.45,0.001662612
200,7.483687,Rising,1.448372,1.45,0.00162816
201,7.51702,Rising,1.44845,1.45,0.001550436
202,7.550354,Rising,1.448558,1.45,0.001441717
203,7.583687,Rising,1.44867,1.45,0.001330495
204,7.61702,Rising,1.448773,1.45,0.001227021
205,7.650353,Rising,1.44886,1.45,0.001139641
206,7.683687,Rising,1.448926,1.45,0.001073837
207,7.71702,Rising,1.448977,1.45,0.001023054
208,7.750353,Rising,1.44899,1.45,0.00101006
209,7.783687,Rising,1.449003,1.45,0.0009975433
210,7.81702,Rising,1.449192,1.45,0.0008078814
211,7.850354,Rising,1.449594,1.45,0.0004056692
212,7.883687,Rising,1.449761,1.45,0.0002387762
213,7.91702,Rising,1.449683,1.45,0.0003174543
214,7.950354,Rising,1.449643,1.45,0.0003566742
215,7.983687,Rising,1.449635,1.45,0.0003651381
216,8.01702,Rising,1.449639,1.45,0.0003612041
217,8.050353,Rising,1.449652,1.45,0.0003483295
218,8.083687,Rising,1.44967,1.45,0.0003303289
219,8.117021,Rising,1.449689,1.45,0.0003113747
220,8.150353,Rising,1.449703,1.45,0.000297308
221,8.183687,Rising,1.449715,1.45,0.000284791
222,8.21702,Rising,1.449727,1.45,0.0002727509
223,8.250354,Rising,1.449739,1.45,0.0002607107
224,8.283687,Rising,1.449751,1.45,0.0002485514
225,8.31702,Rising,1.449764,1.45,0.0002356768
226,8.350353,Rising,1.449783,1.45,0.0002168417
227,8.383687,Rising,1.449813,1.45,0.0001869202
228,8.41702,Rising,1.449855,1.45,0.0001447201
229,8.450354,Rising,1.449709,1.45,0.0002912283
230,8.483686,Rising,1.449448,1.45,0.0005520582
231,8.51702,Rising,1.449285,1.45,0.0007146597
232,8.550353,Rising,1.449209,1.45,0.0007910728
233,8.583687,Rising,1.449186,1.45,0.0008137226
234,8.617021,Rising,1.449178,1.45,0.0008220673
235,8.650353,Rising,1.449156,1.45,0.0008440018
236,8.683687,Rising,1.449129,1.45,0.0008709431
237,8.71702,Rising,1.449101,1.45,0.0008994341
238,8.750354,Rising,1.44907,1.45,0.0009300709
239,8.783687,Rising,1.449036,1.45,0.0009635687
240,8.81702,Rising,1.449002,1.45,0.0009983778
241,8.850353,Rising,1.449078,1.45,0.0009220839
242,8.883687,Rising,1.449237,1.45,0.0007634163
243,8.91702,Rising,1.449422,1.45,0.0005782843
244,8.950354,Rising,1.449644,1.45,0.0003558397
245,8.983686,Rising,1.449907,1.45,9.298325E-05
246,9.01702,Rising,1.450218,1.45,0.0002179146
247,9.050353,Rising,1.450588,1.45,0.0005879402
248,9.083687,Rising,1.451001,1.45,0.001000881
249,9.117021,Rising,1.451457,1.45,0.001457095
250,9.150353,Rising,1.451931,1.45,0.001930714
251,9.183687,Rising,1.452368,1.45,0.002367496
252,9.21702,Escorting,1.451815,1.45,0.001814961
