time,actor,head_angle,stair_foot_error
0.05,0,0,0
0.05,1,0,0
0.05,2,0,0
0.1,0,0.1813082,0
0.1,1,0.1813082,0
0.1,2,0.3774232,0
0.15,0,0.328649,0
0.15,1,0.328649,0
0.15,2,0.5706105,0
0.2,0,0.4387938,0
0.2,1,0.4387938,0
0.2,2,0.7370096,0
0.25,0,0.5539061,0
0.25,1,0.5539061,0
0.25,2,0.8873456,0
0.3,0,0.6572988,0
0.3,1,0.6572988,0
0.3,2,1.020281,0
0.35,0,0.7558835,0
0.35,1,0.7558835,0
0.35,2,1.139165,0
0.4,0,0.8392955,0
0.4,1,0.8392955,0
0.4,2,1.251777,0
0.45,0,0.9168451,0
0.45,1,0.9168451,0
0.45,2,1.337622,0
0.5000001,0,0.9835654,0
0.5000001,1,0.9835654,0
0.5000001,2,1.392663,0
0.5500001,0,1.037775,0
0.5500001,1,1.037775,0
0.5500001,2,1.421587,0
0.6000001,0,1.078459,0
0.6000001,1,1.078459,0
0.6000001,2,1.421037,0
0.6500001,0,1.111342,0
0.6500001,1,1.111342,0
0.6500001,2,1.400509,0
0.7000001,0,1.132274,0
0.7000001,1,1.132274,0
0.7000001,2,1.355062,0
0.7500001,0,1.136414,0
0.7500001,1,1.136414,0
0.7500001,2,1.285098,0
0.8000001,0,1.13089,0
0.8000001,1,1.13089,0
0.8000001,2,1.184305,0
0.8500001,0,1.111342,0
0.8500001,1,1.111342,0
0.8500001,2,1.055721,0
0.9000002,0,1.079185,0
0.9000002,1,1.079185,0
0.9000002,2,0.9108498,0
0.9500002,0,1.040036,0
0.9500002,1,1.040036,0
0.9500002,2,0.7486002,0
1,0,0.9851556,0
1,1,0.9851556,0
1,2,0.5881719,0
1.05,0,0.9185508,0
1.05,1,0.9185508,0
1.05,2,0.4279577,0
1.1,0,0.8402276,0
1.1,1,0.8402276,0
1.1,2,0.3090101,0
1.15,0,0.7569183,0
1.15,1,0.7569183,0
1.15,2,0.3090101,0
1.2,0,0.6561069,0
1.2,1,0.6561069,0
1.2,2,0.4224354,0
1.25,0,0.556725,0
1.25,1,0.556725,0
1.25,2,0.6039294,0
1.3,0,0.4405739,0
1.3,1,0.4405739,0
1.3,2,0.8050238,0
1.35,0,0.3165176,0
1.35,1,0.3165176,0
1.35,2,1.007156,0
1.4,0,0.1855748,0
1.4,1,0.1855748,0
1.4,2,1.188922,0
1.45,0,0,0
1.45,1,0,0
1.45,2,1.344625,0
1.5,0,0,0
1.5,1,0,0
1.5,2,1.463368,0
1.55,0,0,0
1.55,1,0,0
1.55,2,1.562191,0
1.6,0,0.1855748,0
1.6,1,0.1855748,0
1.6,2,1.645163,0
1.649999,0,0.331022,0
1.649999,1,0.331022,0
1.649999,2,1.70635,0
1.699999,0,0.4476236,0
1.699999,1,0.4476236,0
1.699999,2,1.747594,0
1.749999,0,0.5553173,0
1.749999,1,0.5553173,0
1.749999,2,1.75831,0
1.799999,0,0.6584885,0
1.799999,1,0.6584885,0
1.799999,2,1.740863,0
1.849999,0,0.7538098,0
1.849999,1,0.7538098,0
1.849999,2,1.69669,0
1.899999,0,0.8374283,0
1.899999,1,0.8374283,0
1.899999,2,1.628907,0
1.949999,0,0.9168451,0
1.949999,1,0.9168451,0
1.949999,2,1.542019,0
1.999999,0,0.9827694,0
1.999999,1,0.9827694,0
1.999999,2,1.429275,0
2.049999,0,1.037775,0
2.049999,1,1.037775,0
2.049999,2,1.300235,0
2.099999,0,1.07991,0
2.099999,1,1.07991,0
2.099999,2,1.149425,0
2.149999,0,1.114156,0
2.149999,1,1.114156,0
2.149999,2,0.9827694,0
2.199999,0,1.131582,0
2.199999,1,1.131582,0
2.199999,2,0.8001478,0
2.249999,0,1.138478,0
2.249999,1,1.138478,0
2.249999,2,0.6078049,0
2.299999,0,1.129505,0
2.299999,1,1.129505,0
2.299999,2,0.3995839,0
2.349999,0,1.11556,0
2.349999,1,1.11556,0
2.349999,2,0.1678587,0
2.399999,0,1.079185,0
2.399999,1,1.079185,0
2.399999,2,0,0
2.449999,0,1.037021,0
2.449999,1,1.037021,0
2.449999,2,0.1724585,0
2.499999,0,0.9843609,0
2.499999,1,0.9843609,0
2.499999,2,0.383594,0
2.549999,0,0.9176984,0
2.549999,1,0.9176984,0
2.549999,2,0.5664806,0
2.599999,0,0.8402276,0
2.599999,1,0.8402276,0
2.599999,2,0.7370096,0
2.649999,0,0.7538098,0
2.649999,1,0.7538098,0
2.649999,2,0.8873456,0
2.699999,0,0.6572988,0
2.699999,1,0.6572988,0
2.699999,2,1.019514,0
2.749999,0,0.5609267,0
2.749999,1,0.5609267,0
2.749999,2,1.14191,0
2.799999,0,0.4458716,0
2.799999,1,0.4458716,0
2.799999,2,1.251151,0
2.849998,0,0.3214251,0
2.849998,1,0.3214251,0
2.849998,2,1.337622,0
2.899998,0,0.1897456,0
2.899998,1,0.1897456,0
2.899998,2,1.394348,0
2.949998,0,0,0
2.949998,1,0,0
2.949998,2,1.420486,0
2.999998,0,0,0
2.999998,1,0,0
2.999998,2,1.422138,0
3.049998,0,0,0
3.049998,1,0,0
3.049998,2,1.399391,0
3.099998,0,0.1938266,0
3.099998,1,0.1938266,0
3.099998,2,1.355062,0
3.149998,0,0.3262588,0
3.149998,1,0.3262588,0
3.149998,2,1.283879,0
3.199998,0,0.4370065,0
3.199998,1,0.4370065,0
3.199998,2,1.182983,0
3.249998,0,0.556725,0
3.249998,1,0.556725,0
3.249998,2,1.058683,0
3.299998,0,0.6584885,0
3.299998,1,0.6584885,0
3.299998,2,0.9117087,0
3.349998,0,0.7558835,0
3.349998,1,0.7558835,0
3.349998,2,0.7548474,0
3.399998,0,0.8392955,0
3.399998,1,0.8392955,0
3.399998,2,0.5895011,0
3.449998,0,0.9185508,0
3.449998,1,0.9185508,0
3.449998,2,0.4242842,0
3.499998,0,0.9835654,0
3.499998,1,0.9835654,0
3.499998,2,0.3039022,0
3.549998,0,1.038529,0
3.549998,1,1.038529,0
3.549998,2,0.3090101,0
3.599998,0,1.077733,0
3.599998,1,1.077733,0
3.599998,2,0.4279577,0
3.649998,0,1.111342,0
3.649998,1,1.111342,0
3.649998,2,0.6000288,0
3.699998,0,1.132965,0
3.699998,1,1.132965,0
3.699998,2,0.8050238,0
3.749998,0,1.13779,0
3.749998,1,1.13779,0
3.749998,2,1.0056,0
3.799998,0,1.13089,0
3.799998,1,1.13089,0
3.799998,2,1.187605,0
3.849998,0,1.111342,0
3.849998,1,1.111342,0
3.849998,2,1.342878,0
3.899997,0,1.080634,0
3.899997,1,1.080634,0
3.899997,2,1.462298,0
3.949997,0,1.039283,0
3.949997,1,1.039283,0
3.949997,2,1.56169,0
3.999997,0,0.9843609,0
3.999997,1,0.9843609,0
3.999997,2,1.646114,0
4.049997,0,0.9168451,0
4.049997,1,0.9168451,0
4.049997,2,1.706809,0
4.099998,0,0.8402276,0
4.099998,1,0.8402276,0
4.099998,2,1.74625,0
4.149998,0,0.7569183,0
4.149998,1,0.7569183,0
4.149998,2,1.756974,0
4.199998,0,0.6572988,0
4.199998,1,0.6572988,0
4.199998,2,1.741762,0
4.249998,0,0.5510728,0
4.249998,1,0.5510728,0
4.249998,2,1.695767,0
4.299998,0,0.4387938,0
4.299998,1,0.4387938,0
4.299998,2,1.628907,0
4.349998,0,0.3262588,0
4.349998,1,0.3262588,0
4.349998,2,1.542019,0
4.399999,0,0.2017411,0
4.399999,1,0.2017411,0
4.399999,2,1.429822,0
4.449999,0,0,0
4.449999,1,0,0
4.449999,2,1.300235,0
4.499999,0,0,0
4.499999,1,0,0
4.499999,2,1.150106,0
4.549999,0,0,0
4.549999,1,0,0
4.549999,2,0.9819726,0
4.599999,0,0.1897456,0
4.599999,1,0.1897456,0
4.599999,2,0.8021018,0
4.65,0,0.3262588,0
4.65,1,0.3262588,0
4.65,2,0.6103749,0
4.7,0,0.4423469,0
4.7,1,0.4423469,0
4.7,2,0.4015379,0
4.75,0,0.5581291,0
4.75,1,0.5581291,0
4.75,2,0.1813082,0
4.8,0,0.6572988,0
4.8,1,0.6572988,0
4.8,2,0,0
4.85,0,0.7538098,0
4.85,1,0.7538098,0
4.85,2,0.1678587,0
4.900001,0,0.8374283,0
4.900001,1,0.8374283,0
4.900001,2,0.385629,0
4.950001,0,0.9185508,0
4.950001,1,0.9185508,0
4.950001,2,0.5678606,0
5.000001,0,0.9827694,0
5.000001,1,0.9827694,0
5.000001,2,0.7423005,0
5.050001,0,1.036266,0
5.050001,1,1.036266,0
5.050001,2,0.8846954,0
5.100001,0,1.07991,0
5.100001,1,1.07991,0
5.100001,2,1.020281,0
5.150002,0,1.11275,0
5.150002,1,1.11275,0
5.150002,2,1.140539,0
5.200002,0,1.13089,0
5.200002,1,1.13089,0
5.200002,2,1.251151,0
5.250002,0,1.138478,0
5.250002,1,1.138478,0
5.250002,2,1.335865,0
5.300002,0,1.130198,0
5.300002,1,1.130198,0
5.300002,2,1.393225,0
5.350002,0,1.112046,0
5.350002,1,1.112046,0
5.350002,2,1.421587,0
5.400002,0,1.079185,0
5.400002,1,1.079185,0
5.400002,2,1.423238,0
5.450003,0,1.034754,0
5.450003,1,1.034754,0
5.450003,2,1.39995,0
5.500003,0,0.9827694,0
5.500003,1,0.9827694,0
5.500003,2,1.354484,0
5.550003,0,0.9185508,0
5.550003,1,0.9185508,0
5.550003,2,1.282659,0
5.600003,0,0.8402276,0
5.600003,1,0.8402276,0
5.600003,2,1.182321,0
5.650003,0,0.7506884,0
5.650003,1,0.7506884,0
5.650003,2,1.057203,0
5.700004,0,0.6561069,0
5.700004,1,0.6561069,0
5.700004,2,0.9108498,0
5.750004,0,0.556725,0
5.750004,1,0.556725,0
5.750004,2,0.7506884,0
5.800004,0,0.4458716,0
5.800004,1,0.4458716,0
5.800004,2,0.5895011,0
5.850004,0,0.3214251,0
5.850004,1,0.3214251,0
5.850004,2,0.4261249,0
5.900004,0,0.1813082,0
5.900004,1,0.1813082,0
5.900004,2,0.3039022,0
5.950005,0,0,0
5.950005,1,0,0
5.950005,2,0.3064668,0
6.000005,0,0,0
6.000005,1,0,0
6.000005,2,0.4297827,0
6.050005,0,0,0
6.050005,1,0,0
6.050005,2,0.602632,0
6.100005,0,0.1855748,0
6.100005,1,0.1855748,0
6.100005,2,0.804051,0
6.150005,0,0.323851,0
6.150005,1,0.323851,0
6.150005,2,1.0056,0
6.200006,0,0.4405739,0
6.200006,1,0.4405739,0
6.200006,2,1.188922,0
6.250006,0,0.5510728,0
6.250006,1,0.5510728,0
6.250006,2,1.344625,0
6.300006,0,0.6584885,0
6.300006,1,0.6584885,0
6.300006,2,1.463903,0
6.350006,0,0.7558835,0
6.350006,1,0.7558835,0
6.350006,2,1.562191,0
6.400006,0,0.8402276,0
6.400006,1,0.8402276,0
6.400006,2,1.644687,0
6.450006,0,0.9185508,0
6.450006,1,0.9185508,0
6.450006,2,1.705891,0
6.500007,0,0.9827694,0
6.500007,1,0.9827694,0
6.500007,2,1.746698,0
6.550007,0,1.040788,0
6.550007,1,1.040788,0
6.550007,2,1.75831,0
6.600007,0,1.080634,0
6.600007,1,1.080634,0
6.600007,2,1.740863,0
6.650007,0,1.113453,0
6.650007,1,1.113453,0
6.650007,2,1.697151,0
6.700007,0,1.132965,0
6.700007,1,1.132965,0
6.700007,2,1.629387,0
6.750008,0,1.136414,0
6.750008,1,1.136414,0
6.750008,2,1.540496,0
6.800008,0,1.13089,0
6.800008,1,1.13089,0
6.800008,2,1.428179,0
6.850008,0,1.11275,0
6.850008,1,1.11275,0
6.850008,2,1.298428,0
6.900008,0,1.07991,0
6.900008,1,1.07991,0
6.900008,2,1.150786,0
6.950008,0,1.042291,0
6.950008,1,1.042291,0
6.950008,2,0.9843609,0
7.000009,0,0.9827694,0
7.000009,1,0.9827694,0
7.000009,2,0.8011254,0
7.050009,0,0.9168451,0
7.050009,1,0.9168451,0
7.050009,2,0.6116559,0
7.100009,0,0.8420885,0
7.100009,1,0.8420885,0
7.100009,2,0.3976204,0
7.150009,0,0.7589836,0
7.150009,1,0.7589836,0
7.150009,2,0.1769387,0
7.200009,0,0.6561069,0
7.200009,1,0.6561069,0
7.200009,2,0,0
7.25001,0,0.5539061,0
7.25001,1,0.5539061,0
7.25001,2,0,0
7.30001,0,0.4387938,0
7.30001,1,0.4387938,0
7.30001,2,0.3732526,0
7.35001,0,0.323851,0
7.35001,1,0.323851,0
7.35001,2,0.5706105,0
7.40001,0,0.1813082,0
7.40001,1,0.1813082,0
7.40001,2,0.7380708,0
7.45001,0,0,0
7.45001,1,0,0
7.45001,2,0.8873456,0
7.50001,0,0,0
7.50001,1,0,0
7.50001,2,1.018746,0
7.550011,0,0,0
7.550011,1,0,0
7.550011,2,1.14191,0
7.600011,0,0.1938266,0
7.600011,1,0.1938266,0
7.600011,2,1.252402,0
7.650011,0,0.3333781,0
7.650011,1,0.3333781,0
7.650011,2,1.338791,0
7.700011,0,0.4458716,0
7.700011,1,0.4458716,0
7.700011,2,1.392663,0
7.750011,0,0.5595297,0
7.750011,1,0.5595297,0
7.750011,2,1.423238,0
7.800012,0,0.6584885,0
7.800012,1,0.6584885,0
7.800012,2,1.422688,0
7.850012,0,0.7548474,0
7.850012,1,0.7548474,0
7.850012,2,1.401626,0
7.900012,0,0.8411586,0
7.900012,1,0.8411586,0
7.900012,2,1.355062,0
7.950012,0,0.9168451,0
7.950012,1,0.9168451,0
7.950012,2,1.284489,0
8.000012,0,0.9827694,0
8.000012,1,0.9827694,0
8.000012,2,1.182983,0
8.050013,0,1.037775,0
8.050013,1,1.037775,0
8.050013,2,1.059422,0
8.100013,0,1.080634,0
8.100013,1,1.080634,0
8.100013,2,0.9151362,0
8.150013,0,1.114156,0
8.150013,1,1.114156,0
8.150013,2,0.7486002,0
8.200013,0,1.13089,0
8.200013,1,1.13089,0
8.200013,2,0.5881719,0
8.250013,0,1.139852,0
8.250013,1,1.139852,0
8.250013,2,0.4279577,0
8.300014,0,1.13089,0
8.300014,1,1.13089,0
8.300014,2,0.3090101,0
8.350014,0,1.112046,0
8.350014,1,1.112046,0
8.350014,2,0.3189808,0
8.400014,0,1.080634,0
8.400014,1,1.080634,0
8.400014,2,0.4279577,0
8.450014,0,1.036266,0
8.450014,1,1.036266,0
8.450014,2,0.602632,0
8.500014,0,0.9811752,0
8.500014,1,0.9811752,0
8.500014,2,0.8021018,0
8.550014,0,0.915991,0
8.550014,1,0.915991,0
8.550014,2,1.006378,0
8.600015,0,0.8374283,0
8.600015,1,0.8374283,0
8.600015,2,1.187605,0
8.650015,0,0.7548474,0
8.650015,1,0.7548474,0
8.650015,2,1.342878,0
8.700015,0,0.6572988,0
8.700015,1,0.6572988,0
8.700015,2,1.463368,0
8.750015,0,0.5609267,0
8.750015,1,0.5609267,0
8.750015,2,1.563193,0
8.800015,0,0.4458716,0
8.800015,1,0.4458716,0
8.800015,2,1.644687,0
8.850016,0,0.323851,0
8.850016,1,0.323851,0
8.850016,2,1.70635,0
8.900016,0,0.1813082,0
8.900016,1,0.1813082,0
8.900016,2,1.746698,0
8.950016,0,0,0
8.950016,1,0,0
8.950016,2,1.758755,0
9.000016,0,0,0
9.000016,1,0,0
9.000016,2,1.741312,0
9.050016,0,0,0
9.050016,1,0,0
9.050016,2,1.696229,0
9.100017,0,0.1897456,0
9.100017,1,0.1897456,0
9.100017,2,1.628907,0
9.150017,0,0.3262588,0
9.150017,1,0.3262588,0
9.150017,2,1.541004,0
9.200017,0,0.4476236,0
9.200017,1,0.4476236,0
9.200017,2,1.430917,0
9.250017,0,0.5539061,0
9.250017,1,0.5539061,0
9.250017,2,1.298428,0
9.300017,0,0.659676,0
9.300017,1,0.659676,0
9.300017,2,1.149425,0
9.350018,0,0.7589836,0
9.350018,1,0.7589836,0
9.350018,2,0.9827694,0
9.400018,0,0.8420885,0
9.400018,1,0.8420885,0
9.400018,2,0.799169,0
9.450018,0,0.9151362,0
9.450018,1,0.9151362,0
9.450018,2,0.6078049,0
9.500018,0,0.9835654,0
9.500018,1,0.9835654,0
9.500018,2,0.395647,0
9.550018,0,1.040036,0
9.550018,1,1.040036,0
9.550018,2,0.1855748,0
9.600019,0,1.07991,0
9.600019,1,1.07991,0
9.600019,2,0,0
9.650019,0,1.112046,0
9.650019,1,1.112046,0
9.650019,2,0,0
9.700019,0,1.13089,0
9.700019,1,1.13089,0
9.700019,2,0.383594,0
9.750019,0,1.13779,0
9.750019,1,1.13779,0
9.750019,2,0.5664806,0
9.800019,0,1.13089,0
9.800019,1,1.13089,0
9.800019,2,0.7380708,0
9.850019,0,1.111342,0
9.850019,1,1.111342,0
9.850019,2,0.8855796,0
9.90002,0,1.080634,0
9.90002,1,1.080634,0
9.90002,2,1.019514,0
9.95002,0,1.038529,0
9.95002,1,1.038529,0
9.95002,2,1.139852,0
10.00002,0,0.9827694,0
10.00002,1,0.9827694,0
10.00002,2,1.251777,0
10.05002,0,0.915991,0
10.05002,1,0.915991,0
10.05002,2,1.339376,0
10.10002,0,0.8439454,0
10.10002,1,0.8439454,0
10.10002,2,1.394909,0
10.15002,0,0.7558835,0
10.15002,1,0.7558835,0
10.15002,2,1.420486,0
10.20002,0,0.6561069,0
10.20002,1,0.6561069,0
10.20002,2,1.422138,0
10.25002,0,0.5510728,0
10.25002,1,0.5510728,0
10.25002,2,1.39995,0
10.30002,0,0.4387938,0
10.30002,1,0.4387938,0
10.30002,2,1.356794,0
10.35002,0,0.3189808,0
10.35002,1,0.3189808,0
10.35002,2,1.285098,0
10.40002,0,0.1855748,0
10.40002,1,0.1855748,0
10.40002,2,1.182983,0
10.45002,0,0,0
10.45002,1,0,0
10.45002,2,1.057203,0
10.50002,0,0,0
10.50002,1,0,0
10.50002,2,0.9142805,0
10.55002,0,0,0
10.55002,1,0,0
10.55002,2,0.7496451,0
10.60002,0,0.1855748,0
10.60002,1,0.1855748,0
10.60002,2,0.5881719,0
10.65002,0,0.3214251,0
10.65002,1,0.3214251,0
10.65002,2,0.4279577,0
10.70002,0,0.4511071,0
10.70002,1,0.4511071,0
10.70002,2,0.3064668,0
10.75002,0,0.556725,0
10.75002,1,0.556725,0
10.75002,2,0.3115327,0
10.80002,0,0.6572988,0
10.80002,1,0.6572988,0
10.80002,2,0.4242842,0
10.85002,0,0.7548474,0
10.85002,1,0.7548474,0
10.85002,2,0.602632,0
10.90002,0,0.8439454,0
10.90002,1,0.8439454,0
10.90002,2,0.8059955,0
10.95002,0,0.915991,0
10.95002,1,0.915991,0
10.95002,2,1.006378,0
11.00002,0,0.9803772,0
11.00002,1,0.9803772,0
11.00002,2,1.188264,0
11.05002,0,1.037021,0
11.05002,1,1.037021,0
11.05002,2,1.344625,0
11.10002,0,1.080634,0
11.10002,1,1.080634,0
11.10002,2,1.464972,0
11.15002,0,1.11275,0
11.15002,1,1.11275,0
11.15002,2,1.562191,0
11.20002,0,1.130198,0
11.20002,1,1.130198,0
11.20002,2,1.643735,0
11.25002,0,1.138478,0
11.25002,1,1.138478,0
11.25002,2,1.70635,0
11.30002,0,1.13089,0
11.30002,1,1.13089,0
11.30002,2,1.746698,0
11.35003,0,1.112046,0
11.35003,1,1.112046,0
11.35003,2,1.756974,0
11.40003,0,1.079185,0
11.40003,1,1.079185,0
11.40003,2,1.739963,0
11.45003,0,1.037775,0
11.45003,1,1.037775,0
11.45003,2,1.69669,0
11.50003,0,0.9827694,0
11.50003,1,0.9827694,0
11.50003,2,1.626983,0
11.55003,0,0.9168451,0
11.55003,1,0.9168451,0
11.55003,2,1.540496,0
11.60003,0,0.8383625,0
11.60003,1,0.8383625,0
11.60003,2,1.428727,0
11.65003,0,0.7538098,0
11.65003,1,0.7538098,0
11.65003,2,1.301438,0
11.70003,0,0.6584885,0
11.70003,1,0.6584885,0
11.70003,2,1.150106,0
11.75003,0,0.5581291,0
11.75003,1,0.5581291,0
11.75003,2,0.9843609,0
11.80003,0,0.4458716,0
11.80003,1,0.4458716,0
11.80003,2,0.8011254,0
11.85003,0,0.3214251,0
11.85003,1,0.3214251,0
11.85003,2,0.6078049,0
11.90003,0,0.1897456,0
11.90003,1,0.1897456,0
11.90003,2,0.3976204,0
11.95003,0,0,0
11.95003,1,0,0
11.95003,2,0.1855748,0
12,0,0,0
12,1,0,0
12,2,0,0
12.05,0,0,0
12.05,1,0,0
12.05,2,0,0
12.1,0,0.1897456,0
12.1,1,0.1897456,0
12.1,2,0,0
12.15,0,0.323851,0
12.15,1,0.323851,0
12.15,2,0,0
12.2,0,0.4405739,0
12.2,1,0.4405739,0
12.2,2,0.2167047,0
12.25,0,0.5524912,0
12.25,1,0.5524912,0
12.25,2,0.3753437,0
12.3,0,0.6561069,0
12.3,1,0.6561069,0
12.3,2,0.5539061,0
12.35,0,0.7558835,0
12.35,1,0.7558835,0
12.35,2,0.7517303,0
12.4,0,0.8392955,0
12.4,1,0.8392955,0
12.4,2,0.9835654,0
12.45,0,0.9168451,0
12.45,1,0.9168451,0
12.45,2,1.233511,0
12.5,0,0.9827694,0
12.5,1,0.9827694,0
12.5,2,1.514879,0
12.55,0,1.039283,0
12.55,1,1.039283,0
12.55,2,1.815689,0
12.6,0,1.080634,0
12.6,1,1.080634,0
12.6,2,2.136524,0
12.65,0,1.111342,0
12.65,1,1.111342,0
12.65,2,2.476873,0
12.7,0,1.132274,0
12.7,1,1.132274,0
12.7,2,2.832196,0
12.75,0,1.137102,0
12.75,1,1.137102,0
12.75,2,3.203622,0
12.8,0,1.132274,0
12.8,1,1.132274,0
12.8,2,3.587684,0
12.85,0,1.111342,0
12.85,1,1.111342,0
12.85,2,3.980533,0
12.9,0,1.080634,0
12.9,1,1.080634,0
12.9,2,4.381776,0
12.95,0,1.039283,0
12.95,1,1.039283,0
12.95,2,4.787838,0
13,0,0.9827694,0
13,1,0.9827694,0
13,2,5.197444,0
13.05,0,0.9168451,0
13.05,1,0.9168451,0
13.05,2,5.60675,0
13.1,0,0.8392955,0
13.1,1,0.8392955,0
13.1,2,6.013741,0
13.15,0,0.7558835,0
13.15,1,0.7558835,0
13.15,2,6.415687,0
13.2,0,0.6561069,0
13.2,1,0.6561069,0
13.2,2,6.810267,0
13.25,0,0.5524912,0
13.25,1,0.5524912,0
13.25,2,7.195429,0
13.3,0,0.4405739,0
13.3,1,0.4405739,0
13.3,2,7.568787,0
13.35,0,0.3189808,0
13.35,1,0.3189808,0
13.35,2,7.927661,0
13.4,0,0.1897456,0
13.4,1,0.1897456,0
13.4,2,8.269961,0
13.45,0,0,0
13.45,1,0,0
13.45,2,8.593108,0
13.5,0,0,0
13.5,1,0,0
13.5,2,8.896636,0
13.55,0,0,0
13.55,1,0,0
13.55,2,9.177707,0
13.6,0,0.1897456,0
13.6,1,0.1897456,0
13.6,2,9.43434,0
13.65,0,0.3262588,0
13.65,1,0.3262588,0
13.65,2,9.665237,0
13.7,0,0.4458716,0
13.7,1,0.4458716,0
13.7,2,9.869422,0
13.75,0,0.5595297,0
13.75,1,0.5595297,0
13.75,2,10.04517,0
13.8,0,0.6584885,0
13.8,1,0.6584885,0
13.8,2,10.19163,0
13.85,0,0.7538098,0
13.85,1,0.7538098,0
13.85,2,10.3077,0
13.9,0,0.8374283,0
13.9,1,0.8374283,0
13.9,2,10.39312,0
13.95,0,0.9176984,0
13.95,1,0.9176984,0
13.95,2,10.44682,0
14,0,0.9819726,0
14,1,0.9819726,0
14,2,10.469,0
14.05,0,1.036266,0
14.05,1,1.036266,0
14.05,2,10.45949,0
14.1,0,1.079185,0
14.1,1,1.079185,0
14.1,2,10.41835,0
14.15,0,1.112046,0
14.15,1,1.112046,0
14.15,2,10.34572,0
14.2,0,1.130198,0
14.2,1,1.130198,0
14.2,2,10.24226,0
14.25,0,1.138478,0
14.25,1,1.138478,0
14.25,2,10.10801,0
14.3,0,1.130198,0
14.3,1,1.130198,0
14.3,2,9.944647,0
14.35,0,1.113453,0
14.35,1,1.113453,0
14.35,2,9.752486,0
14.4,0,1.078459,0
14.4,1,1.078459,0
14.4,2,9.533239,0
14.45,0,1.034754,0
14.45,1,1.034754,0
14.45,2,9.28786,0
14.5,0,0.9819726,0
14.5,1,0.9819726,0
14.5,2,9.018041,0
14.55,0,0.9176984,0
14.55,1,0.9176984,0
14.55,2,8.726189,0
14.6,0,0.8374283,0
14.6,1,0.8374283,0
14.6,2,8.413549,0
14.65,0,0.7538098,0
14.65,1,0.7538098,0
14.65,2,8.081593,0
14.7,0,0.6584885,0
14.7,1,0.6584885,0
14.7,2,7.732491,0
14.75,0,0.5595297,0
14.75,1,0.5595297,0
14.75,2,7.36891,0
14.8,0,0.4458716,0
14.8,1,0.4458716,0
14.8,2,6.992624,0
14.85,0,0.3262588,0
14.85,1,0.3262588,0
14.85,2,6.606795,0
14.9,0,0.1897456,0
14.9,1,0.1897456,0
14.9,2,6.21292,0
14.95,0,0,0
14.95,1,0,0
14.95,2,5.814479,0
15,0,0,0
15,1,0,0
15,2,5.412194,0
15.05,0,0,0
15.05,1,0,0
15.05,2,5.009981,0
15.1,0,0.1897456,0
15.1,1,0.1897456,0
15.1,2,4.609554,0
15.15,0,0.323851,0
15.15,1,0.323851,0
15.15,2,4.214572,0
15.2,0,0.4405739,0
15.2,1,0.4405739,0
15.2,2,3.826719,0
15.25,0,0.5524912,0
15.25,1,0.5524912,0
15.25,2,3.44771,0
15.3,0,0.6561069,0
15.3,1,0.6561069,0
15.3,2,3.081061,0
15.35,0,0.7558835,0
15.35,1,0.7558835,0
15.35,2,2.729454,0
15.4,0,0.8392955,0
15.4,1,0.8392955,0
15.4,2,2.392644,0
15.45,0,0.9168451,0
15.45,1,0.9168451,0
15.45,2,2.075195,0
15.5,0,0.9827694,0
15.5,1,0.9827694,0
15.5,2,1.776908,0
15.55,0,1.039283,0
15.55,1,1.039283,0
15.55,2,1.502948,0
15.6,0,1.080634,0
15.6,1,1.080634,0
15.6,2,1.252402,0
15.65,0,1.111342,0
15.65,1,1.111342,0
15.65,2,1.030965,0
15.7,0,1.132274,0
15.7,1,1.132274,0
15.7,2,0.8318017,0
15.75,0,1.137102,0
15.75,1,1.137102,0
15.75,2,0.6608614,0
15.8,0,1.132274,0
15.8,1,1.132274,0
15.8,2,0.5188864,0
15.85,0,1.111342,0
15.85,1,1.111342,0
15.85,2,0.4073435,0
15.9,0,1.080634,0
15.9,1,1.080634,0
15.9,2,0.3189808,0
15.95,0,1.039283,0
15.95,1,1.039283,0
15.95,2,0.2853051,0
16,0,0.9827694,0
16,1,0.9827694,0
16,2,0.2683408,0
16,0,0.9168451,0
16,1,0.9168451,0
16,2,0.2683408,0
16.05,0,0.8392955,0
16.05,1,0.8392955,0
16.05,2,0.2683408,0
16.1,0,0.5337573,0
16.1,1,0.7558835,0
16.1,2,0.2683408,0
16.15,0,0.2741122,0
16.15,1,0.6561069,0
16.15,2,0.2683408,0
16.2,0,0,0
16.2,1,0.5524912,0
16.2,2,0.2683408,0
16.25,0,0.1724585,0
16.25,1,0.4405739,0
16.25,2,0.2683408,0
16.3,0,0.3214251,0
16.3,1,0.3189808,0
16.3,2,0.2683408,0
16.35,0,0.4714679,0
16.35,1,0.1897456,0
16.35,2,0.2683408,0
16.4,0,0.6440672,0
16.4,1,0,0
16.4,2,0.2683408,0
16.45,0,0.8383625,0
16.45,1,0,0
16.45,2,0.2683408,0
16.5,0,1.050519,0
16.5,1,0,0
16.5,2,0.2683408,0
16.55,0,1.280827,0
16.55,1,0.1897456,0
16.55,2,0.2683408,0
16.6,0,1.521581,0
16.6,1,0.3262588,0
16.6,2,0.2683408,0
16.65,0,1.774704,0
16.65,1,0.4458716,0
16.65,2,0.2683408,0
16.7,0,2.037128,0
16.7,1,0.556725,0
16.7,2,0.2683408,0
16.75,0,2.303641,0
16.75,1,0.6584885,0
16.75,2,0.2683408,0
16.8,0,2.57328,0
16.8,1,0.7548474,0
16.8,2,0.2683408,0
16.85,0,2.843505,0
16.85,1,0.8374283,0
16.85,2,0.2683408,0
16.9,0,3.110896,0
16.9,1,0.9176984,0
16.9,2,0.2683408,0
16.95,0,3.371487,0
16.95,1,0.9819726,0
16.95,2,0.2683408,0
17,0,3.624155,0
17,1,1.036266,0
17,2,0.2683408,0
17.05,0,3.864784,0
17.05,1,1.079185,0
17.05,2,0.2683408,0
17.1,0,4.09129,0
17.1,1,1.112046,0
17.1,2,0.2683408,0
17.15,0,4.30099,0
17.15,1,1.130198,0
17.15,2,0.2683408,0
17.2,0,4.492579,0
17.2,1,1.138478,0
17.2,2,0.2683408,0
17.25,0,4.661739,0
17.25,1,1.130198,0
17.25,2,0.2683408,0
17.3,0,4.808398,0
17.3,1,1.113453,0
17.3,2,0.2683408,0
17.35,0,4.93186,0
17.35,1,1.078459,0
17.35,2,0.2683408,0
17.4,0,5.028077,0
17.4,1,1.034754,0
17.4,2,0.2683408,0
17.45,0,5.09782,0
17.45,1,0.9819726,0
17.45,2,0.2683408,0
17.5,0,5.139882,0
17.5,1,0.9176984,0
17.5,2,0.2683408,0
17.55,0,5.153877,0
17.55,1,0.8374283,0
17.55,2,0.2683408,0
17.6,0,5.140338,0
17.6,1,0.7538098,0
17.6,2,0.2683408,0
17.65,0,5.09782,0
17.65,1,0.6584885,0
17.65,2,0.2683408,0
17.7,0,5.028389,0
17.7,1,0.5595297,0
17.7,2,0.2683408,0
17.75,0,4.931702,0
17.75,1,0.4458716,0
17.75,2,0.2683408,0
17.8,0,4.80856,0
17.8,1,0.3262588,0
17.8,2,0.2683408,0
17.85,0,4.661236,0
17.85,1,0.1897456,0
17.85,2,0.2683408,0
17.9,0,4.492055,0
17.9,1,0,0
17.9,2,0.2683408,0
17.95,0,4.30099,0
17.95,1,0,0
17.95,2,0.2683408,0
18,0,4.090715,0
18,1,0,0
18,2,0.2683408,0
18.05,0,3.864784,0
18.05,1,0.1897456,0
18.05,2,0.2683408,0
18.1,0,3.623939,0
18.1,1,0.323851,0
18.1,2,0.2683408,0
18.15,0,3.371487,0
18.15,1,0.4405739,0
18.15,2,0.2683408,0
18.2,0,3.110393,0
18.2,1,0.5524912,0
18.2,2,0.2683408,0
18.25,0,2.842954,0
18.25,1,0.6561069,0
18.25,2,0.2683408,0
18.3,0,2.573888,0
18.3,1,0.7558835,0
18.3,2,0.2683408,0
18.35,0,2.305,0
18.35,1,0.8392955,0
18.35,2,0.2683408,0
18.4,0,2.036743,0
18.4,1,0.9168451,0
18.4,2,0.2683408,0
18.45,0,1.775145,0
18.45,1,0.9827694,0
18.45,2,0.2683408,0
18.5,0,1.523123,0
18.5,1,1.039283,0
18.5,2,0.2683408,0
18.55,0,1.278381,0
18.55,1,1.080634,0
18.55,2,0.2683408,0
18.6,0,1.052751,0
18.6,1,1.111342,0
18.6,2,0.2683408,0
18.65,0,0.8402276,0
18.65,1,1.132274,0
18.65,2,0.2683408,0
18.7,0,0.6452813,0
18.7,1,1.137102,0
18.7,2,0.2683408,0
18.75,0,0.4630931,0
18.75,1,1.132274,0
18.75,2,0.2683408,0
18.8,0,0.3189808,0
18.8,1,1.111342,0
18.8,2,0.2683408,0
18.85,0,0,0
18.85,1,1.080634,0
18.85,2,0.2683408,0
18.9,0,0,0
18.9,1,1.039283,0
18.9,2,0.2683408,0
18.95,0,0,0
18.95,1,0.9827694,0
18.95,2,0.2683408,0
19,0,0,0
19,1,0.9168451,0
19,2,0.2683408,0
19.05,0,0,1.228781E-06
19.05,1,0.8392955,0
19.05,2,0.2683408,0
19.1,0,1.81612,7.63085E-06
19.1,1,0.5337573,0
19.1,2,0.2683408,0
19.15,0,3.631492,1.029367E-06
19.15,1,0.2741122,0
19.15,2,0.2683408,0
19.2,0,5.464456,5.215406E-07
19.2,1,0,0
19.2,2,0.2683408,0
19.25,0,6.573165,1.341105E-06
19.25,1,0.1724585,0
19.25,2,0.2683408,0
19.3,0,6.573165,9.61096E-07
19.3,1,0.3214251,0
19.3,2,0.2683408,0
19.35,0,6.572927,1.06624E-06
19.35,1,0.4714679,0
19.35,2,0.2683408,0
19.4,0,6.57388,1.018525E-06
19.4,1,0.6440672,0
19.4,2,0.2683408,0
19.45,0,6.572927,1.04095E-06
19.45,1,0.8383625,0
19.45,2,0.2683408,0
19.5,0,6.572331,1.896374E-06
19.5,1,1.050519,0
19.5,2,0.2683408,0
19.55,0,6.573403,7.450581E-07
19.55,1,1.280827,0
19.55,2,0.2683408,0
19.6,0,6.572212,1.788139E-07
19.6,1,1.521581,0
19.6,2,0.2683408,0
19.65,0,6.572689,1.43547E-06
19.65,1,1.774704,0
19.65,2,0.2683408,0
19.7,0,6.572689,9.541399E-07
19.7,1,2.037128,0
19.7,2,0.2683408,0
19.75,0,6.573403,1.157313E-06
19.75,1,2.303641,0
19.75,2,0.2683408,0
19.8,0,6.573642,4.768372E-07
19.8,1,2.57328,0
19.8,2,0.2683408,0
19.85,0,6.573165,3.035158E-06
19.85,1,2.843505,0
19.85,2,0.2683408,0
19.9,0,6.572927,1.192093E-06
19.9,1,3.110896,0
19.9,2,0.2683408,0
19.95,0,6.573165,1.157313E-06
19.95,1,3.371487,0
19.95,2,0.2683408,0
20,0,6.573165,1.228781E-06
20,1,3.624155,0
20,2,0.2683408,0
20.05,0,6.572808,6.556511E-07
20.05,1,3.864784,0
20.05,2,0.2683408,0
20.1,0,6.572689,1.391484E-06
20.1,1,4.09129,0
20.1,2,0.2683408,0
20.15,0,6.572689,1.192093E-06
20.15,1,4.30099,0
20.15,2,0.2683408,0
20.2,0,6.573523,9.991559E-07
20.2,1,4.492579,0
20.2,2,0.2683408,0
20.25,0,6.573165,1.391484E-06
20.25,1,4.661739,0
20.25,2,0.2683408,0
20.3,0,6.572331,2.420418E-06
20.3,1,4.808398,0
20.3,2,0.2683408,0
20.35,0,6.573403,4.172325E-07
20.35,1,4.93186,0
20.35,2,0.2683408,0
20.4,0,6.572927,7.869845E-06
20.4,1,5.028077,0
20.4,2,0.2683408,0
20.45,0,6.573403,1.192093E-06
20.45,1,5.09782,0
20.45,2,0.2683408,0
20.5,0,6.573046,9.702933E-07
20.5,1,5.139882,0
20.5,2,0.2683408,0
20.55,0,6.573046,0
20.55,1,5.153877,0
20.55,2,0.2683408,0
20.6,0,6.573285,9.555351E-07
20.6,1,5.140338,0
20.6,2,0.2683408,0
20.65,0,6.572808,1.307232E-06
20.65,1,5.09782,0
20.65,2,0.2683408,0
20.7,0,6.572689,1.06624E-06
20.7,1,5.028389,0
20.7,2,0.2683408,0
20.75,0,6.572927,6.556511E-07
20.75,1,4.931702,0
20.75,2,0.2683408,0
20.8,0,6.572808,1.018525E-06
20.8,1,4.80856,0
20.8,2,0.2683408,0
20.85,0,6.572689,9.83025E-07
20.85,1,4.661236,0
20.85,2,0.2683408,0
20.9,0,6.572689,3.438522E-06
20.9,1,4.492055,0
20.9,2,0.2683408,0
20.95,0,6.573403,1.094196E-06
20.95,1,4.30099,0
20.95,2,0.2683408,0
21,0,6.573523,3.25378E-06
21,1,4.090715,0
21,2,0.2683408,0
21.05,0,6.573165,1.788139E-07
21.05,1,3.864784,0
21.05,2,0.2683408,0
21.1,0,6.572927,1.06624E-06
21.1,1,3.623939,0
21.1,2,0.2683408,0
21.15,0,6.573403,5.364418E-07
21.15,1,3.371487,0
21.15,2,0.2683408,0
21.2,0,6.573403,8.940697E-07
21.2,1,3.110393,0
21.2,2,0.2683408,0
21.25,0,6.573165,5.960464E-07
21.25,1,2.842954,0
21.25,2,0.2683408,0
21.3,0,6.572331,9.61096E-07
21.3,1,2.573888,0
21.3,2,0.2683408,0
21.35,0,6.573165,5.960464E-07
21.35,1,2.305,0
21.35,2,0.2683408,0
21.4,0,6.573523,2.697398E-06
21.4,1,2.036743,0
21.4,2,0.2683408,0
21.45,0,6.573285,3.576279E-07
21.45,1,1.775145,0
21.45,2,0.2683408,0
21.5,0,6.572331,2.188392E-06
21.5,1,1.523123,0
21.5,2,0.2683408,0
21.55,0,6.573285,1.228781E-06
21.55,1,1.278381,0
21.55,2,0.2683408,0
21.6,0,6.573165,1.922192E-06
21.6,1,1.052751,0
21.6,2,0.2683408,0
21.65,0,6.573285,4.768372E-07
21.65,1,0.8402276,0
21.65,2,0.2683408,0
21.7,0,6.572927,4.768372E-07
21.7,1,0.6452813,0
21.7,2,0.2683408,0
21.75,0,6.573165,1.348699E-06
21.75,1,0.4630931,0
21.75,2,0.2683408,0
21.8,0,6.573642,2.384186E-07
21.8,1,0.3189808,0
21.8,2,0.2683408,0
21.85,0,6.572927,5.960464E-07
21.85,1,0,0
21.85,2,0.2683408,0
21.90001,0,6.572569,9.83025E-07
21.90001,1,0,0
21.90001,2,0.2683408,0
21.95,0,6.572927,1.43547E-06
21.95,1,0,0
21.95,2,0.2683408,0
22,0,6.573046,2.249236E-06
22,1,0,0
22,2,0.2683408,0
22.05,0,6.572689,1.348699E-06
22.05,1,1.595897,0
22.05,2,0,0
22.10001,0,6.572808,9.536743E-07
22.10001,1,3.2002,0
22.10001,2,0.385629,0
22.15001,0,6.572927,9.536743E-07
22.15001,1,4.807909,0
22.15001,2,0.7241538,0
22.2,0,6.573046,1.018525E-06
22.2,1,5.768646,0
22.2,2,0.9520246,0
22.25001,0,6.573046,9.536743E-07
22.25001,1,5.769189,0
22.25001,2,1.004042,0
22.30001,0,6.572927,1.018525E-06
22.30001,1,5.769053,0
22.30001,2,1.079185,0
22.35001,0,6.573285,1.719261E-06
22.35001,1,5.768374,0
22.35001,2,1.184966,0
22.40001,0,6.573403,1.267212E-06
22.40001,1,5.768782,0
22.40001,2,1.315793,0
22.45001,0,6.572927,2.132481E-06
22.45001,1,5.769325,0
22.45001,2,1.476149,0
22.50001,0,6.572093,3.053248E-06
22.50001,1,5.76946,0
22.50001,2,1.659846,0
22.55001,0,6.572927,9.83025E-07
22.55001,1,5.769189,0
22.55001,2,1.862925,0
22.60001,0,6.571855,1.91107E-06
22.60001,1,5.768239,0
22.60001,2,2.085354,0
22.65001,0,6.573046,1.124618E-06
22.65001,1,5.767696,0
22.65001,2,2.319893,0
22.70001,0,6.571974,7.747687E-06
22.70001,1,5.770817,0
22.70001,2,2.564749,0
22.75001,0,6.573165,1.526624E-06
22.75001,1,5.775836,0
22.75001,2,2.816954,0
22.80001,0,6.572927,2.037049E-06
22.80001,1,5.776242,0
22.80001,2,3.071392,0
22.85001,0,6.573165,9.536743E-07
22.85001,1,5.775836,0
22.85001,2,3.324256,0
22.90001,0,6.573285,1.124618E-06
22.90001,1,5.775971,0
22.90001,2,3.57413,0
22.95001,0,6.572927,1.621422E-06
22.95001,1,5.776242,0
22.95001,2,3.816887,0
23.00001,0,6.573999,1.922192E-06
23.00001,1,5.776378,0
23.00001,2,4.048975,0
23.05001,0,6.572927,5.960464E-07
23.05001,1,5.776513,0
23.05001,2,4.269934,0
23.10001,0,6.571259,9.83025E-07
23.10001,1,5.776649,0
23.10001,2,4.474768,0
23.15001,0,6.572808,1.526624E-06
23.15001,1,5.776242,0
23.15001,2,4.661572,0
23.20001,0,6.573642,1.06624E-06
23.20001,1,5.776242,0
23.20001,2,4.828708,0
23.25001,0,6.572927,3.576279E-07
23.25001,1,5.776242,0
23.25001,2,4.97438,0
23.30001,0,6.573046,1.018525E-06
23.30001,1,5.776107,0
23.30001,2,5.096437,0
23.35001,0,6.572689,7.152557E-07
23.35001,1,5.776107,0
23.35001,2,5.193375,0
23.40001,0,6.572927,0
23.40001,1,5.776513,0
23.40001,2,5.264202,0
23.45001,0,6.221862,0
23.45001,1,5.776242,0
23.45001,2,5.308929,0
23.50001,0,5.960379,0
23.50001,1,5.776378,0
23.50001,2,5.325862,0
23.55001,0,5.818248,0
23.55001,1,5.776513,0
23.55001,2,5.316151,0
23.60001,0,5.775565,0
23.60001,1,5.776378,0
23.60001,2,5.27935,0
23.65001,0,5.775836,0
23.65001,1,5.776513,0
23.65001,2,5.21564,0
23.70001,0,5.7757,0
23.70001,1,5.776513,0
23.70001,2,5.126001,0
23.75001,0,5.775836,0
23.75001,1,5.776378,0
23.75001,2,5.012638,0
23.80001,0,5.775971,0
23.80001,1,5.785317,0
23.80001,2,4.876464,0
23.85001,0,5.775836,0
23.85001,1,5.783828,0
23.85001,2,4.718494,0
23.90001,0,5.7757,0
23.90001,1,5.77353,0
23.90001,2,4.542661,0
23.95001,0,5.775971,0
23.95001,1,5.768918,0
23.95001,2,4.350038,0
24.00001,0,5.775429,0
24.00001,1,5.769189,0
24.00001,2,4.141875,0
24.05001,0,5.775971,0
24.05001,1,5.768782,0
24.05001,2,3.922686,0
24.10001,0,5.776242,0
24.10001,1,5.769189,0
24.10001,2,3.696654,0
24.15001,0,5.775971,0
24.15001,1,5.769053,0
24.15001,2,3.465827,0
24.20001,0,5.7757,0
24.20001,1,5.768918,0
24.20001,2,3.234021,0
24.25001,0,5.776242,0
24.25001,1,5.768918,0
24.25001,2,3.003356,0
24.30001,0,5.7757,0
24.30001,1,5.76946,0
24.30001,2,2.778343,0
24.35001,0,5.775836,0
24.35001,1,5.768918,0
24.35001,2,2.563527,0
24.40001,0,5.775971,0
24.40001,1,5.769053,2.533197E-07
24.40001,2,2.36368,0
24.45001,0,5.775565,0
24.45001,1,5.820132,1.206994E-06
24.45001,2,2.179684,0
24.50002,0,5.776242,0
24.50002,1,5.991956,1.728535E-06
24.50002,2,2.016273,0
24.55001,0,5.775971,0
24.55001,1,6.305872,2.980232E-07
24.55001,2,1.875904,0
24.60001,0,5.776107,0
24.60001,1,6.573165,1.974165E-06
24.60001,2,1.760535,0
24.65001,0,5.776242,0
24.65001,1,6.573165,1.348699E-06
24.65001,2,1.670657,0
24.70002,0,5.775836,0
24.70002,1,6.572927,7.635213E-06
24.70002,2,1.603725,0
24.75002,0,5.775836,0
24.75002,1,6.57388,1.035068E-06
24.75002,2,1.557675,0
24.80001,0,5.776378,0
24.80001,1,6.572927,9.991559E-07
24.80001,2,1.5303,0
24.85002,0,5.775429,0
24.85002,1,6.572331,1.922192E-06
24.85002,2,1.514362,0
24.90002,0,5.7757,0
24.90002,1,6.573403,1.079897E-06
24.90002,2,1.506069,0
24.95002,0,5.7757,0
24.95002,1,6.572212,9.565803E-07
24.95002,2,1.501385,0
25.00002,0,5.775836,0
25.00002,1,6.572689,4.172325E-07
25.00002,2,1.499298,0
25.05002,0,5.775565,0
25.05002,1,6.572689,1.228781E-06
25.05002,2,2.953685,0
25.10002,0,5.775429,0
25.10002,1,6.573403,1.174453E-06
25.10002,2,4.467239,0
25.15002,0,5.775971,0
25.15002,1,6.573642,1.192093E-07
25.15002,2,5.992479,0
25.20002,0,5.776107,0
25.20002,1,6.573165,3.172513E-06
25.20002,2,6.850168,0
25.25002,0,5.775971,0
25.25002,1,6.572927,2.384186E-07
25.25002,2,6.729057,0
25.30002,0,5.776107,0
25.30002,1,6.573165,3.035158E-06
25.30002,2,6.66333,0
25.35002,0,5.776378,0
25.35002,1,6.573165,9.536743E-07
25.35002,2,6.771634,0
25.40002,0,5.776107,0
25.40002,1,6.572808,1.915712E-06
25.40002,2,6.956242,0
25.45002,0,5.775429,0
25.45002,1,6.572689,4.768372E-07
25.45002,2,7.031381,0
25.50002,0,5.776107,0
25.50002,1,6.572689,4.172325E-07
25.50002,2,7.09326,0
25.55002,0,5.7757,0
25.55002,1,6.573523,1.728535E-06
25.55002,2,7.111345,0
25.60002,0,5.775565,0
25.60002,1,6.573165,1.124618E-06
25.60002,2,7.08619,0
25.65002,0,5.776107,0
25.65002,1,6.572331,5.364418E-07
25.65002,2,7.027258,0
25.70002,0,5.775836,0
25.70002,1,6.573403,2.081901E-06
25.70002,2,6.974232,0
25.75002,0,5.775836,0
25.75002,1,6.572927,1.769164E-06
25.75002,2,6.937303,0
25.80002,0,5.7757,0
25.80002,1,6.573403,7.945324E-06
25.80002,2,6.899607,0
25.85002,0,5.776513,0
25.85002,1,6.573046,1.192093E-07
25.85002,2,6.85234,0
25.90002,0,5.775293,0
25.90002,1,6.573046,1.251698E-06
25.90002,2,6.780187,0
25.95002,0,5.7757,0
25.95002,1,6.573285,4.172325E-07
25.95002,2,6.692999,0
26.00002,0,5.7757,0
26.00002,1,6.572808,6.556511E-07
26.00002,2,6.662508,0
26.05002,0,5.776649,0
26.05002,1,6.572689,9.536743E-07
26.05002,2,6.712627,0
26.10002,0,5.775836,0
26.10002,1,6.572927,5.364418E-07
26.10002,2,6.82279,0
26.15002,0,5.776242,0
26.15002,1,6.572808,1.132488E-06
26.15002,2,6.947004,0
26.20002,0,5.775836,0
26.20002,1,6.572689,1.311302E-06
26.20002,2,7.026478,0
26.25002,0,5.775971,0
26.25002,1,6.572689,1.526624E-06
26.25002,2,7.074133,0
26.30002,0,5.776513,0
26.30002,1,6.573403,1.998312E-06
26.30002,2,7.107049,0
26.35002,0,5.776242,0
26.35002,1,6.573523,9.83025E-07
26.35002,2,7.115309,0
26.40002,0,5.776107,0
26.40002,1,6.573165,1.922192E-06
26.40002,2,7.12059,0
26.45002,0,5.775836,0
26.45002,1,6.572927,7.152557E-07
26.45002,2,7.107049,0
26.50002,0,5.776242,0
26.50002,1,6.573403,9.83025E-07
26.50002,2,7.085306,0
26.55002,0,5.775971,0
26.55002,1,6.573403,9.83025E-07
26.55002,2,7.094254,0
26.60002,0,5.7757,0
26.60002,1,6.573165,6.556511E-07
26.60002,2,7.126197,0
26.65002,0,5.775836,0
26.65002,1,6.572331,8.34465E-07
26.65002,2,7.207502,0
26.70002,0,5.775836,0
26.70002,1,6.573165,2.623282E-06
26.70002,2,7.273916,0
26.75002,0,5.776107,0
26.75002,1,6.573523,4.768372E-07
26.75002,2,7.281018,0
26.80002,0,5.7757,0
26.80002,1,6.573285,1.124618E-06
26.80002,2,7.213476,0
26.85002,0,5.775971,0
26.85002,1,6.572331,9.555351E-07
26.85002,2,7.104514,0
26.90002,0,5.776378,0
26.90002,1,6.573285,1.06624E-06
26.90002,2,6.991168,0
26.95002,0,5.775971,0
26.95002,1,6.573165,4.172325E-07
26.95002,2,6.893589,0
27.00002,0,5.775836,0
27.00002,1,6.573285,1.018525E-06
27.00002,2,6.828756,0
27.05002,0,5.776107,0
27.05002,1,6.572927,3.576279E-07
27.05002,2,6.718808,0
27.10003,0,5.775565,0
27.10003,1,6.573165,1.348699E-06
27.10003,2,6.66239,0
27.15002,0,5.7757,0
27.15002,1,6.573642,9.61096E-07
27.15002,2,6.733478,0
27.20002,0,5.775565,0
27.20002,1,6.572927,8.34465E-07
27.20002,2,6.889497,0
27.25002,0,5.775836,0
27.25002,1,6.572569,3.576279E-07
27.25002,2,7.003815,0
27.30003,0,5.775836,0
27.30003,1,6.572927,2.026558E-06
27.30003,2,7.053955,0
27.35003,0,5.775565,0
27.35003,1,6.573046,1.267212E-06
27.35003,2,7.098669,0
27.40002,0,5.7757,0
27.40002,1,6.572689,1.192093E-06
27.40002,2,7.110905,1.047012E-06
27.45003,0,5.775971,0
27.45003,1,6.572808,1.43547E-06
27.45003,2,7.130592,7.721966E-06
27.50003,0,5.775836,0
27.50003,1,6.572927,1.267212E-06
27.50003,2,7.211521,2.145819E-06
27.55003,0,5.775971,0
27.55003,1,6.573046,1.526624E-06
27.55003,2,7.401892,8.34465E-07
27.60003,0,5.776242,0
27.60003,1,6.573046,9.83025E-07
27.60003,2,7.52551,1.267212E-06
27.65003,0,5.775971,0
27.65003,1,6.572927,1.526624E-06
27.65003,2,7.455977,1.102686E-06
27.70003,0,5.775971,0
27.70003,1,6.573285,7.152557E-07
27.70003,2,7.362531,1.43547E-06
27.75003,0,5.776378,0
27.75003,1,6.573403,1.348699E-06
27.75003,2,7.307111,1.43547E-06
27.80003,0,5.775836,0
27.80003,1,6.572927,1.072884E-06
27.80003,2,7.374011,9.991559E-07
27.85003,0,5.775971,0
27.85003,1,6.572093,1.43547E-06
27.85003,2,7.519992,1.669994E-06
27.90003,0,5.775971,0
27.90003,1,6.572927,1.96605E-06
27.90003,2,7.652049,9.83025E-07
27.95003,0,5.776242,0
27.95003,1,6.571855,1.430511E-06
27.95003,2,7.702958,1.072884E-06
28.00003,0,5.775971,0
28.00003,1,6.573046,2.863505E-06
28.00003,2,7.765444,1.157313E-06
28.05003,0,5.7757,0
28.05003,1,6.571974,1.267212E-06
28.05003,2,7.796148,1.094196E-06
28.10003,0,5.775293,0
28.10003,1,6.573165,9.61096E-07
28.10003,2,7.809599,7.668642E-06
28.15003,0,5.776378,0
28.15003,1,6.572927,1.430511E-06
28.15003,2,7.79263,1.013279E-06
28.20003,0,5.7757,0
28.20003,1,6.573165,1.430511E-06
28.20003,2,7.799764,3.438522E-06
28.25003,0,5.776107,0
28.25003,1,6.573285,1.311302E-06
28.25003,2,7.844825,5.364418E-07
28.30003,0,5.775836,0
28.30003,1,6.572927,9.536743E-07
28.30003,2,7.942469,2.91088E-06
28.35003,0,5.775971,0
28.35003,1,6.573999,4.768372E-07
28.35003,2,7.97377,7.748604E-07
28.40003,0,5.775971,0
28.40003,1,6.572927,1.018525E-06
28.40003,2,7.976127,1.267212E-06
28.45003,0,5.7757,0
28.45003,1,6.571259,1.06624E-06
28.45003,2,7.956559,1.04095E-06
28.50003,0,5.775836,0
28.50003,1,6.572808,1.311302E-06
28.50003,2,7.880888,1.192093E-07
28.55003,0,5.7757,0
28.55003,1,6.573642,1.018525E-06
28.55003,2,7.80388,1.307232E-06
28.60003,0,5.776242,0
28.60003,1,6.572927,1.940587E-06
28.60003,2,7.749389,7.70354E-06
28.65003,0,5.775565,0
28.65003,1,6.573046,9.536743E-07
28.65003,2,7.660438,2.961097E-06
28.70003,0,5.775836,0
28.70003,1,6.572689,5.960464E-07
28.70003,2,7.59946,2.495578E-06
28.75003,0,5.775293,0
28.75003,1,6.573523,1.311302E-06
28.75003,2,7.579336,9.991559E-07
28.80003,0,5.775971,0
28.80003,1,6.572927,0
28.80003,2,7.525614,1.922192E-06
28.85003,0,5.7757,0
28.85003,1,6.222618,0
28.85003,2,7.455977,2.40274E-06
28.90003,0,5.775565,0
28.90003,1,5.961693,0
28.90003,2,7.362849,1.228781E-06
28.95003,0,5.775836,0
28.95003,1,5.818248,0
28.95003,2,7.314931,5.364418E-07
29.00003,0,5.775836,0
29.00003,1,5.776107,0
29.00003,2,7.338663,1.669994E-06
29.05003,0,5.7757,0
29.05003,1,5.775429,0
29.05003,2,7.467734,9.61096E-07
29.10003,0,5.776378,0
29.10003,1,5.776242,0
29.10003,2,7.615932,1.526624E-06
29.15003,0,5.775971,0
29.15003,1,5.775971,0
29.15003,2,7.705703,8.34465E-07
29.20003,0,5.775971,0
29.20003,1,5.776242,0
29.20003,2,7.765444,2.07934E-06
29.25003,0,5.7757,0
29.25003,1,5.776107,0
29.25003,2,7.795947,1.267212E-06
29.30003,0,5.775971,0
29.30003,1,5.776242,0
29.30003,2,7.809599,1.391484E-06
29.35003,0,5.7757,0
29.35003,1,5.776513,0
29.35003,2,7.79263,1.072884E-06
29.40003,0,5.776513,0
29.40003,1,5.777056,0
29.40003,2,7.799764,1.91107E-06
29.45003,0,5.776107,0
29.45003,1,5.776378,0
29.45003,2,7.822326,7.152557E-07
29.50003,0,5.775836,0
29.50003,1,5.776513,0
29.50003,2,7.910153,4.768372E-07
29.55003,0,5.776242,0
29.55003,1,5.776242,0
29.55003,2,7.971313,1.526624E-06
29.60003,0,5.775565,0
29.60003,1,5.7757,0
29.60003,2,7.974653,1.192093E-06
29.65003,0,5.776513,0
29.65003,1,5.776242,0
29.65003,2,7.956166,1.192093E-07
29.70004,0,5.775565,0
29.70004,1,5.775971,0
29.70004,2,7.881085,1.251698E-06
29.75003,0,5.775836,0
29.75003,1,5.776242,0
29.75003,2,7.80408,5.960464E-07
29.80003,0,5.775293,0
29.80003,1,5.775565,0
29.80003,2,7.749288,2.239739E-06
29.85003,0,5.7757,0
29.85003,1,5.776513,0
29.85003,2,7.660438,5.960464E-07
29.90004,0,5.775971,0
29.90004,1,5.776107,0
29.90004,2,7.599254,7.704462E-06
29.95004,0,5.775565,0
29.95004,1,5.775971,0
29.95004,2,7.588114,1.018525E-06
30.00003,0,5.7757,0
30.00003,1,5.776378,0
30.00003,2,7.54744,9.536743E-07
30.05004,0,5.776107,0
30.05004,1,5.776242,0
30.05004,2,7.47989,2.961097E-06
30.10004,0,5.775971,0
30.10004,1,5.7757,0
30.10004,2,7.39607,1.124618E-06
30.15004,0,5.775565,0
30.15004,1,5.775971,0
30.15004,2,7.31386,1.621422E-06
30.20004,0,5.7757,0
30.20004,1,5.776107,0
30.20004,2,7.338983,1.526624E-06
30.25004,0,5.775429,0
30.25004,1,5.776378,0
30.25004,2,7.467734,1.430511E-06
30.30004,0,5.775836,0
30.30004,1,5.776107,0
30.30004,2,7.61583,1.311302E-06
30.35004,0,5.7757,0
30.35004,1,5.775971,0
30.35004,2,7.705906,8.34465E-07
30.40004,0,5.776242,0
30.40004,1,5.7757,0
30.40004,2,7.765444,2.249236E-06
30.45004,0,5.7757,0
30.45004,1,5.775971,0
30.45004,2,7.787301,3.576279E-07
30.50004,0,5.775971,0
30.50004,1,5.776242,0
30.50004,2,7.807092,2.534424E-06
30.55004,0,5.7757,0
30.55004,1,5.776107,0
30.55004,2,7.799262,1.311302E-06
30.60004,0,5.776242,0
30.60004,1,5.776784,0
30.60004,2,7.792027,1.06624E-06
30.65004,0,5.7757,0
30.65004,1,5.775565,0
30.65004,2,7.822727,2.384186E-07
30.70004,0,5.775971,0
30.70004,1,5.775971,0
30.70004,2,7.910153,1.267212E-06
30.75004,0,5.775836,0
30.75004,1,5.775836,0
30.75004,2,7.971215,9.536743E-07
30.80004,0,5.775565,0
30.80004,1,5.775836,0
30.80004,2,7.974751,1.526624E-06
30.85004,0,5.776242,0
30.85004,1,5.775836,0
30.85004,2,7.956166,3.576279E-07
30.90004,0,5.775429,0
30.90004,1,5.7757,0
30.90004,2,7.881085,1.526624E-06
30.95004,0,5.775836,0
30.95004,1,5.776242,0
30.95004,2,7.826731,1.124618E-06
31.00004,0,5.776242,0
31.00004,1,5.7757,0
31.00004,2,7.767663,3.860983E-06
31.05004,0,5.776242,0
31.05004,1,5.7757,0
31.05004,2,7.692884,1.124618E-06
31.10004,0,5.775836,0
31.10004,1,5.775836,0
31.10004,2,7.611201,9.61096E-07
31.15004,0,5.775565,0
31.15004,1,5.7757,0
31.15004,2,7.587701,1.192093E-07
31.20004,0,5.776107,0
31.20004,1,5.775971,0
31.20004,2,7.547647,1.06624E-06
31.25004,0,5.775971,0
31.25004,1,5.776242,0
31.25004,2,7.47989,7.152557E-07
31.30004,0,5.775293,0
31.30004,1,5.776649,0
31.30004,2,7.396282,1.267212E-06
31.35004,0,5.776378,0
31.35004,1,5.776242,0
31.35004,2,7.31354,8.34465E-07
31.40004,0,5.776242,0
31.40004,1,5.776242,0
31.40004,2,7.338876,2.037049E-06
31.45004,0,5.776242,0
31.45004,1,5.776242,0
31.45004,2,7.415213,1.348699E-06
31.50004,0,5.776378,0
31.50004,1,5.775836,0
31.50004,2,7.571477,1.06624E-06
31.55004,0,5.775971,0
31.55004,1,5.775836,0
31.55004,2,7.681064,5.960464E-07
31.60004,0,5.776242,0
31.60004,1,5.776242,0
31.60004,2,7.747064,9.536743E-07
31.65004,0,5.7757,0
31.65004,1,5.776378,0
31.65004,2,7.78881,1.267212E-06
31.70004,0,5.775971,0
31.70004,1,5.776242,0
31.70004,2,7.807292,1.430511E-06
31.75004,0,5.775971,0
31.75004,1,5.776513,0
31.75004,2,7.799462,3.576279E-07
31.80004,0,5.7757,0
31.80004,1,5.775836,0
31.80004,2,7.792429,0
31.85004,0,5.776107,0
31.85004,1,5.776107,0
31.85004,2,7.441888,0
31.90004,0,5.7757,0
31.90004,1,5.776242,0
31.90004,2,7.159639,0
31.95004,0,5.776107,0
31.95004,1,5.775565,0
31.95004,2,6.927587,0
32.00004,0,5.7757,0
32.00004,1,5.775971,0
32.00004,2,6.712744,0
32.05004,0,5.775157,0
32.05004,1,5.775971,0
32.05004,2,6.690073,0
32.10004,0,5.775429,0
32.10004,1,5.775971,0
32.10004,2,6.906414,0
32.15004,0,5.775565,0
32.15004,1,5.775836,0
32.15004,2,7.056175,0
32.20004,0,5.7757,0
32.20004,1,5.776378,0
32.20004,2,7.112336,0
32.25004,0,5.775836,0
32.25004,1,5.776242,0
32.25004,2,7.1185,0
32.30004,0,5.775565,0
32.30004,1,5.775971,0
32.30004,2,7.0842,0
32.35004,0,5.7757,0
32.35004,1,5.776107,0
32.35004,2,7.150006,0
32.40004,0,5.775565,0
32.40004,1,5.776242,0
32.40004,2,7.28048,0
32.45004,0,5.779359,0
32.45004,1,5.776649,0
32.45004,2,7.300784,0
32.50003,0,5.811919,0
32.50003,1,5.776378,0
32.50003,2,7.213692,0
32.55003,0,5.783828,0
32.55003,1,5.776784,0
32.55003,2,7.11817,0
32.60003,0,5.768782,0
32.60003,1,5.776107,0
32.60003,2,7.029376,0
32.65003,0,5.768782,0
32.65003,1,5.776242,0
32.65003,2,6.949822,0
32.70003,0,5.769325,0
32.70003,1,5.775971,0
32.70003,2,6.903352,0
32.75003,0,5.76851,0
32.75003,1,5.776378,0
32.75003,2,6.794148,0
32.80003,0,5.768918,0
32.80003,1,5.775971,0
32.80003,2,6.662743,0
32.85003,0,5.769325,0
32.85003,1,5.776107,0
32.85003,2,6.790344,0
32.90003,0,5.768918,0
32.90003,1,5.776378,0
32.90003,2,7.007728,0
32.95003,0,5.768646,0
32.95003,1,5.776107,0
32.95003,2,7.096903,0
33.00003,0,5.769053,0
33.00003,1,5.775429,0
33.00003,2,7.11971,0
33.05003,0,5.768374,0
33.05003,1,5.776242,0
33.05003,2,7.09602,0
33.10003,0,5.768646,0
33.10003,1,5.776513,0
33.10003,2,7.10297,0
33.15002,0,5.769053,0
33.15002,1,5.776378,0
33.15002,2,7.242948,0
33.20002,0,5.768782,0
33.20002,1,5.776242,0
33.20002,2,7.284245,0
33.25002,0,5.768782,0
33.25002,1,5.776378,0
33.25002,2,7.272085,0
33.30002,0,5.768782,0
33.30002,1,5.776107,0
33.30002,2,7.150335,0
33.35002,0,5.768374,0
33.35002,1,5.775565,0
33.35002,2,7.075019,0
33.40002,0,5.768646,0
33.40002,1,5.776107,0
33.40002,2,6.963781,0
33.45002,0,5.769325,0
33.45002,1,5.775971,0
33.45002,2,6.937189,0
33.50002,0,5.768782,0
33.50002,1,5.775836,0
33.50002,2,6.854854,0
33.55002,0,5.768646,0
33.55002,1,5.775565,0
33.55002,2,6.701418,0
33.60002,0,5.768782,0
33.60002,1,5.776242,0
33.60002,2,6.699197,0
33.65002,0,5.768646,0
33.65002,1,5.776378,0
33.65002,2,6.922158,0
33.70002,0,5.769053,0
33.70002,1,5.775429,0
33.70002,2,7.062056,0
33.75002,0,5.768103,0
33.75002,1,5.776378,0
33.75002,2,7.113217,0
33.80001,0,5.768918,0
33.80001,1,5.776107,0
33.80001,2,7.1174,0
33.85001,0,5.768918,0
33.85001,1,5.776378,0
33.85001,2,7.085859,0
33.90001,0,5.769325,0
33.90001,1,5.776513,0
33.90001,2,7.160405,0
33.95001,0,5.768918,0
33.95001,1,5.775429,0
33.95001,2,7.28231,0
34.00001,0,5.768782,0
34.00001,1,5.7757,0
34.00001,2,7.299926,0
34.05001,0,5.769596,0
34.05001,1,5.775971,0
34.05001,2,7.20435,0
34.10001,0,5.76851,0
34.10001,1,5.776242,0
34.10001,2,7.113217,0
34.15001,0,5.768782,0
34.15001,1,5.775429,0
34.15001,2,7.018448,0
34.20001,0,5.769189,0
34.20001,1,5.775971,0
34.20001,2,6.949371,0
34.25001,0,5.768782,0
34.25001,1,5.775429,0
34.25001,2,6.89745,0
34.30001,0,5.768646,0
34.30001,1,5.775836,0
34.30001,2,6.781688,0
34.35001,0,5.768918,0
34.35001,1,5.775971,0
34.35001,2,6.66239,0
34.40001,0,5.76946,0
34.40001,1,5.775429,0
34.40001,2,6.806011,0
34.45,0,5.768239,0
34.45,1,5.776649,0
34.45,2,7.016216,0
34.5,0,5.768918,0
34.5,1,5.776242,0
34.5,2,7.100875,0
34.55,0,5.769189,0
34.55,1,5.775836,0
34.55,2,7.11993,0
34.6,0,5.769053,0
34.6,1,5.776242,0
34.6,2,7.09326,0
34.65,0,5.768374,0
34.65,1,5.776378,0
34.65,2,7.106497,0
34.7,0,5.769053,0
34.7,1,5.7757,0
34.7,2,7.252997,0
34.75,0,5.769053,0
34.75,1,5.776378,0
34.75,2,7.287792,0
34.8,0,5.76851,0
34.8,1,5.775971,0
34.8,2,7.264111,0
34.85,0,5.768646,0
34.85,1,5.776107,0
34.85,2,7.144308,0
34.9,0,5.769053,0
34.9,1,5.776378,0
34.9,2,7.070036,0
34.95,0,5.768646,0
34.95,1,5.775836,0
34.95,2,6.959732,0
35,0,5.768918,0
35,1,5.776378,0
35,2,6.933802,0
35.05,0,5.76851,0
35.05,1,5.776242,0
35.05,2,6.847538,0
35.09999,0,5.768782,0
35.09999,1,5.7757,0
35.09999,2,6.69136,0
35.14999,0,5.768646,0
35.14999,1,5.775971,0
35.14999,2,6.709943,0
35.19999,0,5.76851,0
35.19999,1,5.775836,0
35.19999,2,6.936286,0
35.24999,0,5.769732,0
35.24999,1,5.775971,0
35.24999,2,7.067931,0
35.29999,0,5.768374,0
35.29999,1,5.776107,0
35.29999,2,7.113768,0
35.34999,0,5.76851,0
35.34999,1,5.776107,0
35.34999,2,7.114538,0
35.39999,0,5.769053,0
35.39999,1,5.775836,0
35.39999,2,7.08829,0
35.44999,0,5.768239,0
35.44999,1,5.775836,0
35.44999,2,7.171443,0
35.49999,0,5.769053,0
35.49999,1,5.775971,0
35.49999,2,7.283385,0
35.54999,0,5.768103,0
35.54999,1,5.7757,0
35.54999,2,7.299068,0
35.59999,0,5.768782,0
35.59999,1,5.776107,0
35.59999,2,7.195429,0
35.64999,0,5.768782,0
35.64999,1,5.776513,0
35.64999,2,7.10782,0
35.69999,0,5.769325,0
35.69999,1,5.775971,0
35.69999,2,7.007728,0
35.74998,0,5.76851,0
35.74998,1,5.776378,0
35.74998,2,6.948695,0
35.79998,0,5.768918,0
35.79998,1,5.776107,0
35.79998,2,6.891998,0
35.84998,0,5.769325,0
35.84998,1,5.776107,0
35.84998,2,6.768511,0
35.89998,0,5.768918,0
35.89998,1,5.776107,0
35.89998,2,6.663448,0
35.94998,0,5.769053,0
35.94998,1,5.776107,0
35.94998,2,6.823364,0
35.99998,0,5.769189,0
35.99998,1,5.776513,0
35.99998,2,7.023245,0
36.04998,0,5.768782,0
36.04998,1,5.776107,0
36.04998,2,7.104734,0
36.09998,0,5.768782,0
36.09998,1,5.776242,0
36.09998,2,7.12059,0
36.14998,0,5.769053,0
36.14998,1,5.775565,0
36.14998,2,7.089616,0
36.19998,0,5.768782,0
36.19998,1,5.775971,0
36.19998,2,7.111235,0
36.24998,0,5.76851,0
36.24998,1,5.776378,0
36.24998,2,7.260337,0
36.29998,0,5.768918,0
36.29998,1,5.776513,0
36.29998,2,7.291446,0
36.34998,0,5.76851,0
36.34998,1,5.775971,0
36.34998,2,7.255912,0
36.39997,0,5.768782,0
36.39997,1,5.775836,0
36.39997,2,7.138606,0
36.44997,0,5.769053,0
36.44997,1,5.776242,0
36.44997,2,7.064827,0
36.49997,0,5.769053,0
36.49997,1,5.776107,0
36.49997,2,6.95613,0
36.54997,0,5.768646,0
36.54997,1,5.776649,0
36.54997,2,6.929735,0
36.59997,0,5.768782,0
36.59997,1,5.775836,0
36.59997,2,6.840215,0
36.64997,0,5.768646,0
36.64997,1,5.776107,0
36.64997,2,6.681874,0
36.69997,0,5.768918,0
36.69997,1,5.776107,0
36.69997,2,6.721138,0
36.74997,0,5.767831,0
36.74997,1,5.775971,0
36.74997,2,6.950385,0
36.79997,0,5.768918,0
36.79997,1,5.776107,0
36.79997,2,7.07369,0
36.84997,0,5.768918,0
36.84997,1,5.775293,0
36.84997,2,7.114538,0
36.89997,0,5.769325,0
36.89997,1,5.776513,0
36.89997,2,7.111565,0
36.94997,0,5.768918,0
36.94997,1,5.776513,0
36.94997,2,7.0905,0
36.99997,0,5.768782,0
36.99997,1,5.775971,0
36.99997,2,7.182247,0
37.04996,0,5.769596,0
37.04996,1,5.776107,0
37.04996,2,7.282955,0
37.09996,0,5.768374,0
37.09996,1,5.776242,0
37.09996,2,7.297458,0
37.14996,0,5.768918,0
37.14996,1,5.776513,0
37.14996,2,7.187371,0
37.19996,0,5.769053,0
37.19996,1,5.7757,0
37.19996,2,7.102198,0
37.24996,0,5.768782,0
37.24996,1,5.775565,0
37.24996,2,6.996319,0
37.29996,0,5.768646,0
37.29996,1,5.776107,0
37.29996,2,6.94768,0
37.34996,0,5.768918,0
37.34996,1,5.776107,0
37.34996,2,6.886769,0
37.39996,0,5.76946,0
37.39996,1,5.7757,0
37.39996,2,6.756119,0
37.44996,0,5.768374,0
37.44996,1,5.776784,0
37.44996,2,6.666268,0
37.49996,0,5.768782,0
37.49996,1,5.776107,0
37.49996,2,6.840558,0
37.54996,0,5.769053,0
37.54996,1,5.775565,0
37.54996,2,7.030601,0
37.59996,0,5.769325,0
37.59996,1,5.776513,0
37.59996,2,7.10749,0
37.64996,0,5.768374,0
37.64996,1,5.776242,0
37.64996,2,7.12048,0
37.69995,0,5.769053,0
37.69995,1,5.775971,0
37.69995,2,7.087296,0
37.74995,0,5.769053,0
37.74995,1,5.775836,0
37.74995,2,7.11696,0
37.79995,0,5.76851,0
37.79995,1,5.775971,0
37.79995,2,7.266051,0
37.84995,0,5.768646,0
37.84995,1,5.775836,0
37.84995,2,7.29499,0
37.89995,0,5.768918,0
37.89995,1,5.772174,0
37.89995,2,7.248028,0
37.94995,0,5.768646,0
37.94995,1,5.780578,0
37.94995,2,7.134106,0
37.99995,0,5.768782,0
37.99995,1,5.773666,0
37.99995,2,7.059172,0
38.04995,0,5.76851,0
38.04995,1,5.768918,0
38.04995,2,6.953877,0
38.09995,0,5.768782,0
38.09995,1,5.769053,0
38.09995,2,6.925325,0
38.14995,0,5.768646,0
38.14995,1,5.769732,0
38.14995,2,6.832081,0
38.19995,0,5.76851,0
38.19995,1,5.768782,0
38.19995,2,6.67519,0
38.24995,0,5.769596,0
38.24995,1,5.768646,0
38.24995,2,6.734059,0
38.29995,0,5.768239,0
38.29995,1,5.769596,0
38.29995,2,6.964231,0
38.34995,0,5.768646,0
38.34995,1,5.768918,0
38.34995,2,7.07845,0
38.39994,0,5.768918,0
38.39994,1,5.769053,0
38.39994,2,7.115859,0
38.44994,0,5.768239,0
38.44994,1,5.769325,0
38.44994,2,7.10782,0
38.49994,0,5.769053,0
38.49994,1,5.76851,0
38.49994,2,7.093481,0
38.54994,0,5.768103,0
38.54994,1,5.768646,0
38.54994,2,7.194559,0
38.59994,0,5.768782,0
38.59994,1,5.769053,0
38.59994,2,7.281664,0
38.64994,0,5.768918,0
38.64994,1,5.769325,0
38.64994,2,7.29456,0
38.69994,0,5.769325,0
38.69994,1,5.769053,0
38.69994,2,7.179193,0
38.74994,0,5.76851,0
38.74994,1,5.768918,0
38.74994,2,7.096683,0
38.79994,0,5.768782,0
38.79994,1,5.768782,0
38.79994,2,6.987358,0
38.84994,0,5.768918,0
38.84994,1,5.769189,0
38.84994,2,6.945539,0
38.89994,0,5.768918,0
38.89994,1,5.769325,0
38.89994,2,6.881081,0
38.94994,0,5.76946,0
38.94994,1,5.769325,0
38.94994,2,6.743705,0
38.99994,0,5.768782,0
38.99994,1,5.769053,0
38.99994,2,6.670731,0
39.04993,0,5.768782,0
39.04993,1,5.768918,0
39.04993,2,6.858395,0
39.09993,0,5.768782,0
39.09993,1,5.768646,0
39.09993,2,7.037615,0
39.14993,0,5.769053,0
39.14993,1,5.769189,0
39.14993,2,7.110134,0
39.19993,0,5.768782,0
39.19993,1,5.76851,0
39.19993,2,7.12059,0
39.24993,0,5.76851,0
39.24993,1,5.769189,0
39.24993,2,7.084974,0
39.29993,0,5.768918,0
39.29993,1,5.768918,0
39.29993,2,7.124109,0
39.34993,0,5.76851,0
39.34993,1,5.769732,0
39.34993,2,7.271654,0
39.39993,0,5.768782,0
39.39993,1,5.768918,0
39.39993,2,7.297781,0
39.44993,0,5.769053,0
39.44993,1,5.76851,0
39.44993,2,7.239162,0
39.49993,0,5.769053,0
39.49993,1,5.769596,0
39.49993,2,7.129933,0
39.54993,0,5.768782,0
39.54993,1,5.768646,0
39.54993,2,7.052845,0
39.59993,0,5.768782,0
39.59993,1,5.768646,0
39.59993,2,6.951399,0
39.64993,0,5.768646,0
39.64993,1,5.76946,0
39.64993,2,6.920235,0
39.69992,0,5.769053,0
39.69992,1,5.769189,0
39.69992,2,6.823249,0
39.74992,0,5.768239,0
39.74992,1,5.768918,0
39.74992,2,6.670144,0
39.79992,0,5.768646,0
39.79992,1,5.769053,0
39.79992,2,6.747304,0
39.84992,0,5.768918,0
39.84992,1,5.769596,0
39.84992,2,6.976927,0
39.89992,0,5.769325,0
39.89992,1,5.76851,0
39.89992,2,7.083538,0
39.94992,0,5.768918,0
39.94992,1,5.769189,0
39.94992,2,7.116739,0
39.99992,0,5.768782,0
39.99992,1,5.76946,0
39.99992,2,7.104183,0
40.04992,0,5.769596,0
40.04992,1,5.76946,0
40.04992,2,7.095468,0
40.09992,0,5.768374,0
40.09992,1,5.768782,0
40.09992,2,7.207392,0
40.14992,0,5.768918,0
40.14992,1,5.769596,0
40.14992,2,7.281341,0
40.19992,0,5.769053,0
40.19992,1,5.769325,0
40.19992,2,7.290371,0
40.24992,0,5.768782,0
40.24992,1,5.769189,0
40.24992,2,7.171225,0
40.29992,0,5.768782,0
40.29992,1,5.769053,0
40.29992,2,7.090941,0
40.34991,0,5.769053,0
40.34991,1,5.769189,0
40.34991,2,6.979733,0
40.39991,0,5.769189,0
40.39991,1,5.768918,0
40.39991,2,6.94396,0
40.44991,0,5.767967,0
40.44991,1,5.768918,0
40.44991,2,6.874362,0
40.49991,0,5.768646,0
40.49991,1,5.769053,0
40.49991,2,6.73278,0
40.54991,0,5.769189,0
40.54991,1,5.768918,0
40.54991,2,6.676715,0
40.59991,0,5.769189,0
40.59991,1,5.769053,0
40.59991,2,6.876412,0
40.64991,0,5.768374,0
40.64991,1,5.768918,0
40.64991,2,7.044178,0
40.69991,0,5.769053,0
40.69991,1,5.770003,0
40.69991,2,7.111455,0
40.74991,0,5.769053,0
40.74991,1,5.76851,0
40.74991,2,7.12015,0
40.79991,0,5.76851,0
40.79991,1,5.768918,0
40.79991,2,7.083869,0
40.84991,0,5.768646,0
40.84991,1,5.769325,0
40.84991,2,7.132459,0
40.89991,0,5.768918,0
40.89991,1,5.768374,0
40.89991,2,7.191619,0
40.94991,0,5.768646,0
40.94991,1,5.769189,0
40.94991,2,7.11806,0
40.9999,0,5.768782,0
40.9999,1,5.76851,0
40.9999,2,6.992624,0
41.0499,0,5.769053,0
41.0499,1,5.768782,0
41.0499,2,6.899494,0
41.0999,0,5.768782,0
41.0999,1,5.768782,0
41.0999,2,6.839528,0
41.1499,0,5.768646,0
41.1499,1,5.769732,0
41.1499,2,6.735455,0
41.1999,0,5.768646,0
41.1999,1,5.768782,0
41.1999,2,6.662978,0
41.2499,0,5.769732,0
41.2499,1,5.768646,0
41.2499,2,6.71041,0
41.2999,0,5.768374,0
41.2999,1,5.769596,0
41.2999,2,6.852226,0
41.3499,0,5.768782,0
41.3499,1,5.768918,0
41.3499,2,6.989712,0
41.3999,0,5.769053,0
41.3999,1,5.769189,0
41.3999,2,7.03717,0
41.4499,0,5.768239,0
41.4499,1,5.769325,0
41.4499,2,7.089726,0
41.4999,0,5.769053,0
41.4999,1,5.768782,0
41.4999,2,7.110244,0
41.5499,0,5.768103,0
41.5499,1,5.768918,0
41.5499,2,7.109032,0
41.5999,0,5.768782,0
41.5999,1,5.769053,0
41.5999,2,7.079556,0
41.64989,0,5.768918,0
41.64989,1,5.769325,0
41.64989,2,7.0842,0
41.69989,0,5.769325,0
41.69989,1,5.768782,0
41.69989,2,7.133008,0
41.74989,0,5.76851,0
41.74989,1,5.768918,0
41.74989,2,7.242406,0
41.79989,0,5.768782,0
41.79989,1,5.768782,0
41.79989,2,7.271869,0
41.84989,0,5.769325,0
41.84989,1,5.768918,0
41.84989,2,7.290693,0
41.89989,0,5.768918,0
41.89989,1,5.769596,0
41.89989,2,7.28274,0
41.94989,0,5.768918,0
41.94989,1,5.769325,0
41.94989,2,7.211521,0
41.99989,0,5.769053,0
41.99989,1,5.769053,0
41.99989,2,7.139154,0
42.04989,0,2.592976,0
42.04989,1,5.76946,0
42.04989,2,7.077012,0
